기업코드,기업명,종목코드,종합점수,점수갱신일
00260985,한빛네트,036720,0,0
00264529,엔플렉스,040130,0,0
00358545,동서정보기술,055000,0,0
00231567,애드모바일,032600,0,0
00247939,씨모스,037600,0,0
00359614,리더컴,056140,0,0
00153551,허메스홀딩스,012400,0,0
00344746,유티엑스,045880,0,0
00261188,글로포스트,037830,0,0
00268020,쏠라엔텍,030390,0,0
00269287,보홍,041320,0,0
00475286,동북아1호선박투자회사,078420,0,0
00250775,에듀아크,046350,0,0
00114321,데코,013650,0,0
00191108,엘앤씨피,015390,0,0
00167378,희훈디앤지,019640,0,0
00225210,퓨쳐인포넷,058690,0,0
00223346,쓰리디넷,035400,0,0
00174129,제일저축은행,024100,0,0
00114826,제일창업투자,026540,0,0
00173333,현대DSF,016510,0,0
00687599,네프로아이티,950030,0,0
00256292,자강,036790,0,0
00271431,케이엠에스,038830,0,0
00154727,에버리소스,020070,0,0
00246189,제이에스,037110,0,0
00154204,태창기업,007490,0,0
00152631,에이치비이에너지,017300,0,0
00107923,남한제지,001950,0,0
00358095,코어비트,056850,0,0
00510215,동북아8호선박투자회사,082110,0,0
00347619,한국통신데이타,045760,0,0
00372013,케너텍,062730,0,0
00353735,다휘,055250,0,0
00186540,코오롱아이넷,022520,0,0
00128759,캠브리지코오롱,004620,0,0
00535588,네오세미테크,089240,0,0
00264981,디에이치패션,045260,0,0
00231521,핸디소프트,032380,0,0
00159908,케이엠에이치,009690,0,0
00259493,씨엘엘씨디,035710,0,0
00359641,현대푸드시스템,114410,0,0
00103325,고제,002540,0,0
00161639,메리츠종합금융,012420,0,0
00211271,제넥셀세인,034660,0,0
00388272,쓰리디월드,065340,0,0
00264796,스톰이앤에프,043680,0,0
00134909,소예,035010,0,0
00236368,엠엔에프씨,048640,0,0
00684547,하이트맥주,103150,0,0
00251385,보광티에스,066690,0,0
00262682,아인스엠앤엠,040740,0,0
00234555,씨엔씨엔터프라이즈,038420,0,0
00507257,아이알디,084810,0,0
00417963,바이나믹,067850,0,0
00543523,코크렙제7호위탁관리부동산투자회사,086720,0,0
00300566,엔빅스,054170,0,0
00299376,선팩테크,054010,0,0
00112068,마이크로닉스,001190,0,0
00257194,블루스톤디앤아이,033720,0,0
00477372,신지소프트,078700,0,0
00465410,맥쿼리센트럴오피스기업구조조정부동산투자회사,076850,0,0
00331760,테스텍,048510,0,0
00200761,중앙디자인,030030,0,0
00268297,에코페트로시스템,042870,0,0
00161301,한림창업투자,021060,0,0
00237260,헤쎄나,036270,0,0
00297970,미래에셋굿라이프혼합형자녀를위한투자회사10-1,037510,0,0
00107358,일공공일안경콘택트,032030,0,0
00115427,신동방CP,004660,0,0
00267474,지앤알,043630,0,0
00134051,셀런,013240,0,0
00596066,한국베트남15-1유전해외자원개발투자회사,093820,0,0
00347363,에이치원바이오,052310,0,0
00150226,씨앤중공업,008400,0,0
00152914,FnC코오롱,001370,0,0
00158839,제너비오믹스,017010,0,0
00159281,케드콤,011050,0,0
00210537,지엔텍홀딩스,065410,0,0
00240370,동부씨엔아이,044640,0,0
00247887,아이피에스,051820,0,0
00268358,에스브이에이치,046240,0,0
00316488,제이콤,060750,0,0
00264130,옥션,043790,0,0
00540304,네이쳐글로벌,088020,0,0
00617299,GB블루오션베트남주식혼합형투자회사1호,094950,0,0
00262275,엠씨티티코어,052210,0,0
00200798,에이스앤파트너스,032930,0,0
00335924,지앤디윈텍,061050,0,0
00111591,인터피온반도체,014010,0,0
00189343,솔로몬저축은행,007800,0,0
00252588,엠트론스토리지테크놀로지,046320,0,0
00267997,에스티앤아이,031800,0,0
00367376,사이노젠,064060,0,0
00299686,유퍼트,060670,0,0
00463050,엑스로드,074140,0,0
00238913,선우중공업,068770,0,0
00107446,남양,003020,0,0
00114303,엘지데이콤,015940,0,0
00318617,LG파워콤,045820,0,0
00267775,동산진흥,031960,0,0
00394574,티이씨,067950,0,0
00110176,한국기술산업,008320,0,0
00349787,지케이파워,054020,0,0
00136554,스타맥스,017050,0,0
00144562,유성티에스아이,024870,0,0
00370547,네오리소스,058550,0,0
00242439,케이알,035950,0,0
00134060,씨앤상선,000790,0,0
00392600,투미비티,058900,0,0
00259855,코아정보시스템,039990,0,0
00385451,케이에스리소스,066340,0,0
00258944,세계투어,047600,0,0
00798530,동양밸류오션기업인수목적,122290,0,0
00451268,케이이엔지,077960,0,0
00336570,사이버패스,063280,0,0
00363325,산양전기,079870,0,0
00148188,으뜸상호저축은행,032150,0,0
00508566,국제개발,080570,0,0
00133928,세신,004230,0,0
00540784,골든브릿지더블유엠경매부동산일호투자회사,084160,0,0
00298252,엘앤피아너스,061140,0,0
00264556,에이스일렉트로닉스,038690,0,0
00581000,디앤샵,090090,0,0
00359094,더체인지,054120,0,0
00686970,다산자기관리부동산투자회사,105380,0,0
00255309,써니트렌드,035500,0,0
00362380,뉴젠비아이티,054650,0,0
00244862,룩소네이트,033880,0,0
00301015,한서제약,044070,0,0
00297165,현대오토넷,042100,0,0
00105767,LG마이크론,016990,0,0
00173397,서광건설산업,001600,0,0
00259606,플러스프로핏,036660,0,0
00178471,한와이어리스,037020,0,0
00331733,포휴먼,049690,0,0
00104892,알이네트웍스,023670,0,0
00647917,케이알제2호개발전문위탁관리부동산투자회사,101790,0,0
00597764,미래에셋맵스오퍼튜니티베트남주식혼합형투자회사1호,094520,0,0
00355821,씨티엘테크,088960,0,0
00329677,이디디컴퍼니,052650,0,0
00244871,케이티프리텔,032390,0,0
00246383,메카포럼,035830,0,0
00345499,에스피코프,048130,0,0
00348140,이롬텍,045400,0,0
00215107,이앤텍,047450,0,0
00106508,기린,006070,0,0
00560991,맥스브로,088810,0,0
00265263,토자이홀딩스,037700,0,0
00142564,우방,013200,0,0
00198572,동양매직,023020,0,0
00642648,코웰이홀딩스유한공사,900020,0,0
00537443,아구스,078670,0,0
00113173,대한은박지,007480,0,0
00441872,인스프리트,073130,0,0
00480844,하이럭스,079340,0,0
00262044,트리니티,053070,0,0
00101442,카라반케이디이,032570,0,0
00295875,더존디지털웨어,045380,0,0
00441298,디보스,080140,0,0
00263885,포네이처,045290,0,0
00475532,테이크시스템즈,076090,0,0
00130204,폴켐,033190,0,0
00128731,유리이에스,007050,0,0
00325981,에프아이투어,047370,0,0
00540021,모빌탑,085680,0,0
00362089,올리브나인,052970,0,0
00228916,디패션,030420,0,0
00114215,알덱스,025970,0,0
00264103,에이엠에스,044770,0,0
00109648,오라바이오틱스,016160,0,0
00261212,시노펙스그린테크,037320,0,0
00348007,야호커뮤니케이션,059720,0,0
00275808,브이케이,048760,0,0
00375579,팬택앤큐리텔,063350,0,0
00197324,팬텀엔터테인먼트그룹,025460,0,0
00339063,삼성수산,052560,0,0
00538497,동북아15호선박투자회사,084240,0,0
00329084,비엔디,047940,0,0
00225140,쌈지,033260,0,0
00101947,브이오산업,018890,0,0
00287724,코디콤,041800,0,0
00347840,제네시스엔알디,052640,0,0
00504357,동북아6호선박투자회사,080410,0,0
00269339,인네트,041450,0,0
00634959,한국월드와이드아시아태평양특별자산1호투자회사,098150,0,0
00267094,헤파호프코리아,039350,0,0
00142698,휴리프,006210,0,0
00350057,하이스마텍,057100,0,0
00721981,삼성디지털이미징,108070,0,0
00248691,씨제이인터넷,037150,0,0
00335562,엠넷미디어,056200,0,0
00369675,온미디어,045710,0,0
00265078,유니텍전자,039040,0,0
00267809,위더스기술금융,019430,0,0
00314000,클라스타,037550,0,0
00355292,아시아미디어홀딩스,052810,0,0
00386557,아이스테이션,056010,0,0
00548865,동북아21호선박투자회사,088010,0,0
00221320,에이스디지텍,036550,0,0
00124054,부산저축은행,007830,0,0
00301486,에피밸리,068630,0,0
00149248,아세아페이퍼텍,009380,0,0
00311298,오페스,053470,0,0
00348557,액티투오,047710,0,0
00265342,에이치에스씨홀딩스,038920,0,0
00156734,한국고덴시,027840,0,0
00208693,나리지*온,036850,0,0
00128953,프로비타,014420,0,0
00428792,제로원인터랙티브,069470,0,0
00148744,제일화재해상보험,000610,0,0
00518873,동북아9호선박투자회사,083120,0,0
00300779,굿이엠지,051530,0,0
00397766,아이드림,066850,0,0
00174305,조인에너지,004820,0,0
00320807,태광이엔시,048140,0,0
00106492,렉스엘이앤지,004790,0,0
00592583,코리아퍼시픽05호선박투자회사,093400,0,0
00275260,엑큐리스,048460,0,0
00183914,우경,025920,0,0
00481676,세미텍,081220,0,0
00104971,그린손해보험,000470,0,0
00269773,대양글로벌,040180,0,0
00334767,엔하이테크,046720,0,0
00453752,제너시스템즈,073930,0,0
00140919,엘트온,015050,0,0
00255840,태산엘시디,036210,0,0
00133034,성원건설,012090,0,0
00161028,대우송도개발,004550,0,0
00174475,현대금속,018410,0,0
00251482,트라이써클,034010,0,0
00824659,아이비케이에스스마트에스엠이기업인수목적1호,126680,0,0
00259536,네스테크,037540,0,0
00505198,동북아5호선박투자회사,080980,0,0
00679730,파브코,101990,0,0
00803504,우리기업인수목적1호,122750,0,0
00350118,뉴젠아이씨티,054150,0,0
00352295,인젠,041630,0,0
00240088,지앤에스티,036920,0,0
00356158,영진코퍼레이션,053330,0,0
00560025,코크렙제8호위탁관리부동산투자회사,090540,0,0
00140380,유니온스틸,003640,0,0
00101275,경남모직,001670,0,0
00334493,씨티앤티,050470,0,0
00797674,대우증권그린코리아기업인수목적회사,121910,0,0
00244589,지노시스템,033850,0,0
00802028,한국투자신성장1호기업인수목적회사,123290,0,0
00164292,동원데어리푸드,003900,0,0
00371519,휴먼텍코리아,066060,0,0
00126593,에스에스씨피,071660,0,0
00220181,평산,089480,0,0
00254009,지디코프,036610,0,0
00505541,아시아퍼시픽2호선박투자회사,081190,0,0
00240398,무한투자,034510,0,0
00828309,동부티에스블랙펄기업인수목적,128910,0,0
00349468,블루젬디앤씨,053040,0,0
00808262,부국퓨쳐스타즈기업인수목적,123300,0,0
00252393,예당컴퍼니,049000,0,0
00229818,터보테크,032420,0,0
00154189,케이비물산,008540,0,0
00680161,연합과기공고유한공사,900030,0,0
00102645,글로스텍,012410,0,0
00844884,중국고섬공고유한공사,950070,0,0
00592592,코리아퍼시픽06호선박투자회사,093410,0,0
00268437,나노트로닉스,010670,0,0
00798284,미래에셋제1호기업인수목적,121950,0,0
00164195,에이원마이크로,037380,0,0
00264811,에이프로테크놀로지,045470,0,0
00208301,성우몰드,053440,0,0
00676380,모린스,110310,0,0
00543231,디지텍시스템스,091690,0,0
00103121,세븐코스프,017160,0,0
00122436,배명금속,011800,0,0
00505189,동북아4호선박투자회사,080970,0,0
00271413,사라콤,040020,0,0
00245296,폴리플러스,065610,0,0
00188122,하나물산,036280,0,0
00480905,영찬테크,085990,0,0
00890333,케이비부국제1호개발전문위탁관리부동산투자회사,149130,0,0
00510534,아시아퍼시픽8호선박투자회사,081930,0,0
00150855,진흥저축은행,007200,0,0
00173634,에듀언스,009010,0,0
00830377,성융광전투자유한공사,900150,0,0
00224567,샤인시스템,066300,0,0
00582054,씨모텍,081090,0,0
00125929,에스컴,014900,0,0
00502793,아시아퍼시픽1호선박투자회사,080180,0,0
00505550,아시아퍼시픽3호선박투자회사,081200,0,0
00104704,한국저축은행,025610,0,0
00361035,미리넷,056710,0,0
00630111,3노드디지탈그룹유한공사,900010,0,0
00264802,유일엔시스,038720,0,0
00399773,케이피케미칼,064420,0,0
00257529,이루넷,041030,0,0
00804114,대신증권그로쓰알파기업인수목적,123550,0,0
00416706,유에이블,071530,0,0
00121251,네오퍼플,028090,0,0
00173324,경윤하이드로에너지,019120,0,0
00121729,롯데미도파,004010,0,0
00808226,한화에스브이명장제1호기업인수목적,124050,0,0
00162577,셀텍,019260,0,0
00812229,에스비아이앤솔로몬드림기업인수목적,123910,0,0
00351153,위다스,056810,0,0
00126885,에스와이코퍼레이션,008080,0,0
00264741,어울림네트웍스,042820,0,0
00266989,에이디모터스,038120,0,0
00260693,평안물산,037240,0,0
00267951,아큐텍,013780,0,0
00132114,선진지주,014300,0,0
00804983,히든챔피언제1호기업인수목적,123160,0,0
00502474,동북아2호선박투자회사,080030,0,0
00579379,금강제강,105070,0,0
00264857,아라온테크,041060,0,0
00375302,우리금융지주,053000,0,0
00252658,코리언일랙트로닉스파워소스,046810,0,0
00264848,대국,042340,0,0
00138376,쎄라텍,041550,0,0
00251190,글로웍스,034600,0,0
00694003,중국식품포장유한공사,900060,0,0
00505170,동북아3호선박투자회사,080960,0,0
00259439,지아이바이오,035450,0,0
00207436,알에스넷,046430,0,0
00408585,나이스메탈,072530,0,0
00111829,대웅바이오,016890,0,0
00956028,엑세스바이오,950130,0,0
00115038,하나IB증권,003330,0,0
00288653,퓨쳐비젼,042570,0,0
00303837,이레전자산업,045310,0,0
00330017,레이더스컴퍼니,047420,0,0
00264769,포이보스,038810,0,0
00308948,미디어코프,053890,0,0
00321222,케이디세코,073780,0,0
00361202,이노블루,066200,0,0
00450728,도움,078610,0,0
00535773,엑스씨이,081500,0,0
00152950,코오롱유화,011020,0,0
00296069,세라온홀딩스,050600,0,0
00521956,현대경매부동산일호투자회사,083160,0,0
00360540,우수씨엔에스,060550,0,0
00593519,동북아31호선박투자회사,093730,0,0
00194372,후야인포넷,032050,0,0
00154693,이레아이엔씨,036900,0,0
00106650,카스코,005330,0,0
00368791,모델라인,064720,0,0
00220552,청람디지탈,035270,0,0
00301626,플래닛팔이,057330,0,0
00294371,한텔,041940,0,0
00353683,코스모스피엘씨,053170,0,0
00252375,나노하이텍,071360,0,0
00260903,쓰리소프트,036360,0,0
00261461,트라이콤,038410,0,0
00265218,케이엔에스홀딩스,036760,0,0
00471989,지비에스,076170,0,0
00306986,피더블유제네틱스,065910,0,0
00356644,엠텍반도체,054440,0,0
00305695,세니콘,056060,0,0
00151252,에스와이,004530,0,0
00257051,유씨아이콜스,065810,0,0
00459589,코크렙제3호CR리츠,073530,0,0
00264839,아이비진,039060,0,0
00366164,아이티센네트웍스,057110,0,0
00436728,리얼티코리아제1호기업구조조정부동산투자,072450,0,0
00136235,BHK,003990,0,0
00328854,포넷,048270,0,0
00120960,맥슨텔레콤,009890,0,0
00220446,예일바이오텍,054250,0,0
00119733,엔토리노,032590,0,0
00119423,두림티앤씨,033330,0,0
00557067,동북아27호선박투자회사,089170,0,0
00557058,동북아28호선박투자회사,089180,0,0
00557030,동북아30호선박투자회사,089200,0,0
00557049,동북아29호선박투자회사,089190,0,0
00244330,현주컴퓨터,038960,0,0
00120100,LG석유화학,012990,0,0
00246657,오브제,058680,0,0
00130037,휴닉스,009790,0,0
00405074,세이프아시아,066330,0,0
00398534,코크렙제1호기업구조조정부동산투자회사,067910,0,0
00234449,제이엠피,054790,0,0
00165200,위너스인프라인,005760,0,0
00150183,AP우주통신,015670,0,0
00268482,조이토토,044370,0,0
00363033,한도하이테크,060660,0,0
00364227,에너윈,055970,0,0
00458915,유레스메리츠제1호,073470,0,0
00386876,교보메리츠퍼스트기업구조조정부동산투자회사,064900,0,0
00163044,한일약품공업,003040,0,0
00543073,굿앤리치부동산공경매투자회사1호,085450,0,0
00160445,한국합섬,025830,0,0
00554468,굿앤리치부동산공경매투자회사2호,088510,0,0
00165565,디에스피이엔티,016040,0,0
00300256,시큐어소프트,037060,0,0
00138491,동부일렉트로닉스,001830,0,0
00102821,고려시멘트,003660,0,0
00377814,베스트플로우,060410,0,0
00364670,쿨투,056020,0,0
00143013,우영,012460,0,0
00263991,모빌링크텔레콤,041310,0,0
00105183,극동제혁,010200,0,0
00173254,한마음상호저축은행,025450,0,0
00101637,그로웰전자,009220,0,0
00124513,부흥,003930,0,0
00139418,알루코,021570,0,0
00154417,퍼시픽글라스,009080,0,0
00119362,아이인프라,008780,0,0
00140353,씨크롭,016970,0,0
00170451,외환신용카드,038400,0,0
00267793,삼화기연,033210,0,0
00260639,대흥멀티미디어통신,037250,0,0
00153852,텔슨정보통신,018180,0,0
00248956,비이티,036820,0,0
00390028,코오롱인터내셔널,063510,0,0
00260888,엔써커뮤니티,037750,0,0
00275710,써미트테크놀로지,039000,0,0
00172103,코리아이앤디,027440,0,0
00263955,트래픽아이티에스,038050,0,0
00261601,호성,035870,0,0
00265254,넥스텔,037220,0,0
00255266,쓰리알,037730,0,0
00259916,그로웰텔레콤,035780,0,0
00131434,서통,001150,0,0
00271352,테크메이트,043690,0,0
00244932,한아시스템,036020,0,0
00348052,엔에스아이,053250,0,0
00367598,케이티씨텔레콤,055810,0,0
00267720,신한SIT,054530,0,0
00147949,스마텔,004190,0,0
00203458,동방라이텍,025690,0,0
00130000,아이텍스필,008030,0,0
00145534,이수세라믹,032180,0,0
00425360,코크렙제2호기업구조조정부동산투자회사,070540,0,0
00141334,영풍산업,002850,0,0
00384452,모닷텔,048150,0,0
00103583,광덕물산,003590,0,0
00162142,동원증권,005890,0,0
00236021,우주통신,054080,0,0
00106483,기라정보통신,019930,0,0
00208374,텔슨전자,027350,0,0
00309983,하이콤정보통신,048540,0,0
00277727,미래에셋굿라이프혼합형자녀를위한펀드5-1,037500,0,0
00136217,한메엔에스,006150,0,0
00229827,이지클럽,038980,0,0
00247902,넷컴스토리지,037010,0,0
00318477,모디아,046000,0,0
00246815,성진산업,037650,0,0
00260921,아이엠아이티,038100,0,0
00247762,맥시스템,036880,0,0
00350224,슈마일렉트론,056500,0,0
00101992,센추리,006750,0,0
00151614,베네데스하이텍,009360,0,0
00179832,에스오케이,032610,0,0
00241120,세원텔레콤,036910,0,0
00277985,한강구조조정기금,036060,0,0
00325918,케이엔티,036590,0,0
00110981,대아리드선,009940,0,0
00116499,동신제약,006600,0,0
00104467,국민은행,031150,0,0
00257361,월드텔레콤,047610,0,0
00358730,업필,054370,0,0
00248406,화림모드,045920,0,0
00348788,디이시스,053200,0,0
00110963,대아건설,000380,0,0
00149840,중앙제지,005600,0,0
00267021,창민테크,042960,0,0
00330406,씨제이엔터테인먼트,049370,0,0
00110079,대백쇼핑,027700,0,0
00141440,지니웍스,036600,0,0
00135670,신광기업,001580,0,0
00144933,유진종합개발,023420,0,0
00371139,휘튼,066480,0,0
00218654,엠바이엔,031970,0,0
00115852,두산건설,002950,0,0
00113696,대호,001980,0,0
00253514,한신코퍼레이션,037120,0,0
00105509,금강화섬,010730,0,0
00163178,우리증권,001280,0,0
00264185,피코소프트,039580,0,0
00265157,바이오시스,035960,0,0
00270405,윌텍정보통신,039390,0,0
00125406,삼도물산,002930,0,0
00258731,현대멀티캡,035910,0,0
00822572,씨아이에스,144630,0,0
00423609,LG생명과학,068870,0,0
00580603,코리아퍼시픽01호선박투자회사,090970,0,0
00580612,코리아퍼시픽02호선박투자회사,090980,0,0
00317830,신양오라컴디스플레이,086830,0,0
00311030,미래에셋증권,037620,0,0
00439053,이룸지엔지,050640,0,0
00992312,에스와이이노베이션,194860,0,0
00580621,코리아퍼시픽03호선박투자회사,090990,0,0
00580630,코리아퍼시픽04호선박투자회사,091000,0,0
00262123,유아이에너지,050050,0,0
00533696,아시아퍼시픽14호선박투자회사,083610,0,0
00140362,제이에스전선,005560,0,0
00533757,아시아퍼시픽13호선박투자회사,083600,0,0
00533580,아시아퍼시픽10호선박투자회사,083570,0,0
01041217,현대에이블기업인수목적1호,204760,0,0
00533793,아시아퍼시픽11호선박투자회사,083580,0,0
00533836,아시아퍼시픽12호선박투자회사,083590,0,0
00144766,호반산업,004320,0,0
00525527,실리콘화일,082930,0,0
00372989,비엔씨컴퍼니,058370,0,0
00529523,동북아11호선박투자회사,083360,0,0
00526474,동북아14호선박투자회사,083390,0,0
00302801,디아이디,074130,0,0
00124018,부산방직공업,025270,0,0
00255071,현대에이치씨엔동작방송,034750,0,0
00364926,플렉스컴,065270,0,0
00350491,웹솔루스,160350,0,0
00450214,마이스코,088700,0,0
01022054,솔트웍스,222520,0,0
00164955,현대페인트,011720,0,0
00790501,한진해운,117930,0,0
00272412,글라소울,045050,0,0
00207542,팬택자산관리,025930,0,0
00394778,케이엔씨글로벌,068150,0,0
00446460,아이디에스,078780,0,0
00188946,훈영,017170,0,0
00137702,한솔아트원제지,007190,0,0
00418476,엠제이비,074150,0,0
00587101,바다로3호선박투자회사,092630,0,0
00351047,아이팩토리,053810,0,0
00778040,거북선5호선박투자회사,114130,0,0
00778059,거북선6호선박투자회사,114140,0,0
00126229,삼성물산,000830,0,0
00496003,피엘에이,082390,0,0
00359030,닉스테크,063840,0,0
00510914,아시아퍼시픽9호선박투자회사,081940,0,0
00697329,거북선4호선박투자회사,108890,0,0
00149664,중앙건설,015110,0,0
00318839,미래에셋새천년코리아벤처펀드일호,042950,0,0
00130897,하나은행,002860,0,0
00183260,에이스하이텍,071930,0,0
00246347,태창파로스,039850,0,0
00599230,평산차업집단유한공사,950010,0,0
00970277,스탠다드펌,179280,0,0
00122922,벽산건설,002530,0,0
00116860,NH농협증권,016420,0,0
00505569,아시아퍼시픽4호선박투자회사,081210,0,0
00160612,한화화인케미칼,025850,0,0
00659435,정다운,224090,0,0
00232317,지오엠씨,033030,0,0
00130860,에듀패스,031950,0,0
00113632,아이디에이치,026230,0,0
00837680,거북선7호선박투자회사,134000,0,0
00130815,서울상호저축은행,016560,0,0
00248123,와이즈파워,040670,0,0
00788807,코크렙제15호기업구조조정부동산투자회사,121550,0,0
00270432,티브로드한빛방송,043890,0,0
00648697,거북선3호선박투자회사,102000,0,0
00165529,동성하이켐,013450,0,0
00419989,클루넷,067130,0,0
00637114,코리아퍼시픽07호선박투자회사,099210,0,0
00361114,씨유전자,056340,0,0
00125628,삼목강업,158380,0,0
00265227,에스비엠,037630,0,0
00267669,솔빛미디어,044440,0,0
00693800,에프지엔개발전문자기관리부동산투자회사,119250,0,0
00991012,판타지오,187770,0,0
00164469,현대하이스코,010520,0,0
00586652,거북선1호선박투자회사,092970,0,0
00132105,삼양제넥스,003940,0,0
00345657,코아에스앤아이,052350,0,0
00810531,자원메디칼,181980,0,0
00127370,삼우이엠씨,026250,0,0
00261124,어울림정보기술,038320,0,0
00244729,티브로드도봉강북방송,035210,0,0
00138127,티이씨앤코,008900,0,0
00156521,화인자산관리,010460,0,0
00446831,세실,084450,0,0
00127024,삼양엔텍,008720,0,0
00120377,로케트전기,000420,0,0
00136970,신일건업,014350,0,0
00148328,제일모직,001300,0,0
00842479,퓨얼셀파워,139170,0,0
00907660,아루히,950100,0,0
00351269,지티앤티,053870,0,0
00350251,모아에스앤에스,052880,0,0
00206127,어울림엘시스,033280,0,0
00846396,이코리아자기관리부동산투자회사,138440,0,0
00144155,SK,003600,0,0
00678281,에이치앤아이,103650,0,0
00314888,디에스,051710,0,0
00653990,유니드코리아,110500,0,0
00451116,아이레보,072430,0,0
00159926,포스코티엠씨,010150,0,0
00648688,거북선2호선박투자회사,101380,0,0
00512550,아시아퍼시픽5호선박투자회사,082240,0,0
00512532,아시아퍼시픽7호선박투자회사,082260,0,0
00512541,아시아퍼시픽6호선박투자회사,082250,0,0
01047929,에스케이제1호기업인수목적,207930,0,0
01064315,대우기업인수목적3호,215580,0,0
01047567,엔에이치에스엘기업인수목적,207720,0,0
01043871,케이티비기업인수목적1호,204650,0,0
01065536,미래에셋제3호기업인수목적,215750,0,0
00636045,넥솔론,110570,0,0
00632331,디피앤케이,189700,0,0
00974459,비앤에스미디어,156170,0,0
00461690,세화피앤씨,085980,0,0
01111057,에스지에이시스템즈,232290,0,0
00653112,미래자원엠엘,233190,0,0
00823687,웨이포트유한공사,900130,0,0
00318538,아스팩오일,232360,0,0
00855145,하이골드오션2호선박투자회사,139200,0,0
01046179,골든브릿지제2호기업인수목적,206660,0,0
00110495,대성합동지주,005620,0,0
00722500,중국원양자원유한공사,900050,0,0
01018167,캐로스,260490,0,0
00533678,아시아퍼시픽15호선박투자회사,083620,0,0
01047716,하나머스트3호기업인수목적,208870,0,0
00686147,신성에프에이,104120,0,0
00686068,신성이엔지,104110,0,0
00783246,글로벌에스엠,900070,0,0
00163619,한진피앤씨,061460,0,0
00967778,나이코,192240,0,0
01038161,대우기업인수목적2호,204440,0,0
00267960,에스에스컴텍,036500,0,0
00529310,동북아10호선박투자회사,083350,0,0
01080410,골든브릿지제3호기업인수목적,219580,0,0
00413824,제이앤유글로벌,086200,0,0
01090301,케이비제8호기업인수목적,222390,0,0
01010572,패션플랫폼,256090,0,0
01075047,키움제3호기업인수목적,218710,0,0
01089828,유진기업인수목적3호,221200,0,0
01087079,한화에이스기업인수목적2호,219860,0,0
01072660,엔에이치기업인수목적7호,217810,0,0
01091391,교보5호기업인수목적,223040,0,0
01089961,케이비드림투게더제3호기업인수목적,221950,0,0
01089387,유안타제2호기업인수목적,219960,0,0
01111765,에스엠로보틱스,252940,0,0
01115257,시냅스엠,246830,0,0
00408336,인산가,062580,0,0
01109186,동부제4호기업인수목적,230490,0,0
01095892,태경피엔에스,235090,0,0
00130949,카카오엠,016170,0,0
00202778,썬코어,051170,0,0
01090921,케이엠제약,237720,0,0
01102800,키움제4호기업인수목적,226850,0,0
00148717,도레이케미칼,008000,0,0
00959265,디와이엘엔제이,207230,0,0
00447478,엔에스브이,095300,0,0
00163789,심팩메탈,090730,0,0
00838421,씨제이이앤엠,130960,0,0
01094565,이베스트기업인수목적3호,225440,0,0
00842327,완리인터내셔널홀딩스,900180,0,0
00156044,하림홀딩스,024660,0,0
00109170,대덕GDS,004130,0,0
00207223,위너지스,026260,0,0
00454265,스틸플라워,087220,0,0
01170962,GRT,900290,0,0
00348177,트레이스,052290,0,0
01111020,케이비제9호기업인수목적,232270,0,0
01117103,하이에이아이1호기업인수목적,235010,0,0
00264644,넥스콘테크놀러지,038990,0,0
00334244,덴소코리아,047060,0,0
00535719,프렉코,082220,0,0
00790121,차이나하오란리사이클링유한공사,900090,0,0
00569992,원익테라세미콘,123100,0,0
00925453,나무기술,167380,0,0
01130937,한국제4호기업인수목적,240540,0,0
00232496,씨그널엔터테인먼트그룹,099830,0,0
01088458,극동자동화,272420,0,0
00108047,세원화성,007910,0,0
00600013,맵스리얼티1,094800,0,0
00609254,세왕,111610,0,0
01117495,에스와이제이,251540,0,0
00835734,피엠디아카데미,144740,0,0
01119217,본느,242420,0,0
00865382,트러스와이제7호위탁관리부동산투자회사,140890,0,0
00149877,중앙바이오텍,015170,0,0
00123514,보진재,030950,0,0
01139266,로스웰,900260,0,0
01018954,제이에스피브이,250300,0,0
00921475,자비스,230400,0,0
01199985,미래에셋대우기업인수목적1호,265480,0,0
00619020,세종머티리얼즈,135270,0,0
01179839,신한제3호기업인수목적,257730,0,0
01095397,줌인터넷,229480,0,0
01051339,한국비엔씨,226610,0,0
01113277,인프라웨어테크놀러지,247300,0,0
01197428,한화에이스기업인수목적3호,264290,0,0
00252755,씨앤케이인터내셔널,039530,0,0
01181940,아이엘사이언스,122050,0,0
00580180,포인트엔지니어링,176560,0,0
00473400,한컴지엠디,077280,0,0
00100717,아이이,023430,0,0
00503899,사조해표,079660,0,0
00133317,에스티씨라이프,026220,0,0
01201581,한화수성기업인수목적,265920,0,0
00200956,현대정보기술,026180,0,0
01111570,에스케이제3호기업인수목적,232330,0,0
01113781,영현무역,242850,0,0
01212383,엔케이맥스,262760,0,0
01194759,대신밸런스제4호기업인수목적,262830,0,0
00527880,썬테크놀로지스,122800,0,0
00117638,동양텔레콤,007150,0,0
01063963,유쎌,252370,0,0
00656340,소프트캠프,210610,0,0
01194892,알로이스,271400,0,0
00222806,에임하이글로벌,043580,0,0
01234525,한국제5호기업인수목적,271740,0,0
00389679,해피드림,065180,0,0
00526465,동북아13호선박투자회사,083380,0,0
00324104,디케이씨,047440,0,0
00410678,다린,204690,0,0
00291152,디비엘,041500,0,0
00930321,하이골드오션8호국제선박투자회사,159650,0,0
00307037,더스텔라,065310,0,0
00695464,차이나그레이트스타인터내셔널리미티드,900040,0,0
01245062,코오롱티슈진,950160,0,0
00123152,보루네오가구,004740,0,0
01086812,케미메디,205290,0,0
00961136,씨티네트웍스,189540,0,0
00893923,이푸른,185280,0,0
00938688,SBI핀테크솔루션즈,950110,0,0
00530796,미성포리테크,094700,0,0
00671437,파인넥스,123260,0,0
00102681,고려개발,004200,0,0
01243550,아이비케이에스제7호기업인수목적,276920,0,0
00814810,엠에프엠코리아,251960,0,0
01186811,티에스트릴리온,284610,0,0
01066030,드림티엔터테인먼트,220110,0,0
00526447,동북아12호선박투자회사,083370,0,0
00435297,맥쿼리인프라,088980,0,0
00598587,인터파크,108790,0,0
01243772,신한제4호기업인수목적,277480,0,0
01138993,원바이오젠,278380,0,0
01107665,크리스탈신소재,900250,0,0
00351418,코리아오토글라스,152330,0,0
00843830,카이노스메드,220250,0,0
00647935,하나유비에스암바토비니켈해외자원개발2호,099350,0,0
00647883,하나유비에스암바토비니켈해외자원개발1호,099340,0,0
00159412,한국제지,002300,0,0
01277928,한국제7호기업인수목적,291210,0,0
00100258,에스마크,030270,0,0
00255141,글로앤웰,035480,0,0
01247918,한화에이스기업인수목적4호,279410,0,0
01257526,한국제6호기업인수목적,281410,0,0
00757816,모다,149940,0,0
00599887,신텍,099660,0,0
00601641,리드,197210,0,0
00261735,위노바,039790,0,0
00154392,에스트라,016570,0,0
00122339,이매진아시아,036260,0,0
01511558,네오이뮨텍,950220,0,0
00159290,한국아트라스비엑스,023890,0,0
00116356,동성화학,005190,0,0
01337114,구스앤홈,329050,0,0
00389970,다날,064260,0,0
01336391,엔에이치기업인수목적13호,310840,0,0
00609485,웅진에너지,103130,0,0
00176835,농우바이오,054050,0,0
00121507,무림SP,001810,0,0
00288495,홈센타홀딩스,060560,0,0
00173944,우진,105840,0,0
00132992,성우하이텍,015750,0,0
00786331,에스앤씨엔진그룹리미티드,900080,0,0
00638487,파수,150900,0,0
00482426,인화정공,101930,0,0
00111874,대원산업,005710,0,0
00109286,대동,000490,0,0
00146719,일화모직공업,001590,0,0
01337220,키움제5호기업인수목적,311270,0,0
00129350,삼화콘덴서공업,001820,0,0
00144252,유니온,000910,0,0
00287812,에코바이오,038870,0,0
00303217,우진플라임,049800,0,0
00389387,라임,065160,0,0
00134723,페이퍼코리아,001020,0,0
00208134,KNN,058400,0,0
00167192,넥센,005720,0,0
00125938,삼보판지,023600,0,0
00442905,대성파인텍,104040,0,0
00954242,하이골드오션12호국제선박투자회사,172580,0,0
01036446,서연이화,200880,0,0
00455112,금빛,045890,0,0
00112970,대한방직,001070,0,0
00129554,갤럭시아에스엠,011420,0,0
00110307,대선조선,031990,0,0
01068348,러셀,217500,0,0
00441128,아리온,058220,0,0
00612115,유디피,091270,0,0
00297961,케이맥,043290,0,0
01351114,케이비제17호기업인수목적,317030,0,0
01326260,하나머스트제6호기업인수목적,307160,0,0
01236286,컬러레이,900310,0,0
00364111,다이노나,086080,0,0
00365457,제이티,089790,0,0
01251595,압타바이오,293780,0,0
01015726,미래테크놀로지,213090,0,0
00361008,HSD엔진,082740,0,0
00650629,SBS미디어홀딩스,101060,0,0
00186939,특수건설,026150,0,0
01169434,오가닉티코스메틱,900300,0,0
00353230,프리젠,060910,0,0
00163691,유수홀딩스,000700,0,0
01148909,휴럼,284420,0,0
00194275,코너스톤네트웍스,033110,0,0
01114559,씨엔티드림,286000,0,0
00113492,깨끗한나라,004540,0,0
00207755,지에스홈쇼핑,028150,0,0
00133663,세동,053060,0,0
01137897,에스지에이클라우드서비스,224880,0,0
00132318,성광벤드,014620,0,0
00799070,이스트아시아홀딩스,900110,0,0
00475985,시너지이노베이션,048870,0,0
00604028,피코그램,376180,0,0
00110051,에스케이머티리얼즈,036490,0,0
01343920,유안타제4호기업인수목적,313750,0,0
01351822,한화에스비아이기업인수목적,317320,0,0
00260392,대원전선,006340,0,0
00151605,CBI,013720,0,0
00379016,이엘케이,094190,0,0
00111421,휴니드테크놀러지스,005870,0,0
00523307,다원시스,068240,0,0
00128980,삼호개발,010960,0,0
00563147,에스에이티,158300,0,0
00149354,종근당홀딩스,001630,0,0
01371312,케이비제18호기업인수목적,323940,0,0
00198378,녹십자셀,031390,0,0
00486705,아주스틸,139990,0,0
00153524,태림포장,011280,0,0
00962223,지니언스,263860,0,0
00274933,신세계푸드,031440,0,0
00267881,보성파워텍,006910,0,0
01109715,DSC인베스트먼트,241520,0,0
01366365,이베스트이안기업인수목적1호,323210,0,0
01489648,솔브레인,357780,0,0
00105156,극동유화,014530,0,0
01262023,루트락,253610,0,0
00116073,그린기술투자,025340,0,0
00414540,대주이엔티,114920,0,0
01437858,진시스템,363250,0,0
01336285,에스케이에이씨피씨제4호기업인수목적,307070,0,0
00176792,오렌지라이프생명보험,079440,0,0
00366793,에스제이케이,080440,0,0
00117258,한화갤러리아타임월드,027390,0,0
00351630,세코닉스,053450,0,0
01262032,롯데정보통신,286940,0,0
00838500,엘브이엠씨,900140,0,0
00874195,코썬바이오,204990,0,0
00867098,티로보틱스,117730,0,0
00481223,넥스피안,079560,0,0
00568461,보광산업,225530,0,0
00145163,파미셀,005690,0,0
00365989,용평리조트,070960,0,0
00536286,윈팩,097800,0,0
00989327,엘피케이로보틱스,183350,0,0
00668965,지오엘리먼트,311320,0,0
00138695,뉴아세아조인트,013340,0,0
00146649,일진홀딩스,015860,0,0
01070149,올리패스,244460,0,0
00601191,하나기술,299030,0,0
00148443,제일파마홀딩스,002620,0,0
00164672,한일현대시멘트,006390,0,0
00107066,남광토건,001260,0,0
00525864,피앤씨테크,237750,0,0
01454341,플래티어,367000,0,0
00291231,우전,052270,0,0
00399694,아프리카TV,067160,0,0
00148939,조광피혁,004700,0,0
00100957,건영,012720,0,0
00966168,디알젬,263690,0,0
01290248,스코넥,276040,0,0
00384887,에이테크솔루션,071670,0,0
00438036,팅크웨어,084730,0,0
01255652,레이크머티리얼즈,281740,0,0
00664181,인텔리안테크,189300,0,0
00117337,동양,001520,0,0
01058101,라파스,214260,0,0
01213586,아이디피,332370,0,0
00929778,세기리텍,199870,0,0
00187770,한국파마,032300,0,0
00405506,삼영에스앤씨,361670,0,0
00268181,에스피컴텍,039110,0,0
00137289,이라이콤,041520,0,0
01353024,TS트릴리온,317240,0,0
00552992,진매트릭스,109820,0,0
00173731,씨앤에스자산관리,032040,0,0
00396925,엠로,058970,0,0
01141942,액트로,290740,0,0
01190124,미디어젠,279600,0,0
00524421,테스,095610,0,0
00556712,힘스,238490,0,0
00184667,유진기업,023410,0,0
00491336,잘만테크,090120,0,0
00556615,모바일어플라이언스,087260,0,0
00115472,미주제강,002670,0,0
00447760,미래컴퍼니,049950,0,0
01084294,오토앤,353590,0,0
00474588,한중엔시에스,107640,0,0
00128032,삼일제약,000520,0,0
00118284,동일금속,109860,0,0
00442145,아바코,083930,0,0
00411446,큐에스아이,066310,0,0
01137295,프리시젼바이오,335810,0,0
01098792,본느,226340,0,0
01391103,브랜드엑스코퍼레이션,337930,0,0
00532129,영림원소프트랩,060850,0,0
01459212,원준,382840,0,0
00352000,하우리,049130,0,0
00244747,파크시스템스,140860,0,0
01234297,미원에스씨,268280,0,0
00763473,코스메카코리아,241710,0,0
00140946,한솔로지스틱스,009180,0,0
01014657,비즈니스온,138580,0,0
01586172,하이제7호스팩,400840,0,0
00578325,럭스피아,092590,0,0
00442048,아바텍,149950,0,0
00663289,위월드,140660,0,0
00236863,희림,037440,0,0
00122056,미창석유공업,003650,0,0
00147152,유니크,011320,0,0
01089350,켐트로스,220260,0,0
00977377,에이비온,203400,0,0
00494546,오비고,352910,0,0
00493501,씨디네트웍스,073710,0,0
00267979,한일화학,007770,0,0
00890388,지성이씨에스,138290,0,0
00530121,디에스케이,109740,0,0
00203847,국일신동,060480,0,0
00166272,화승코퍼레이션,013520,0,0
01505469,DB금융스팩9호,367360,0,0
00965813,미투온,201490,0,0
01453670,휴럼,353190,0,0
00488989,한양디지텍,078350,0,0
00811372,노바렉스,194700,0,0
00579139,한국맥널티,222980,0,0
00765851,위더스제약,330350,0,0
00659815,금오하이텍,165270,0,0
00117072,동양건설산업,005900,0,0
00983916,제노포커스,187420,0,0
00107303,피엔에스커튼월,033220,0,0
01572489,한화플러스제2호스팩,386580,0,0
00393618,제노텍,066830,0,0
01022902,애드바이오텍,179530,0,0
00162063,한신공영,004960,0,0
00216027,바이넥스,053030,0,0
00350738,제네시스디벨롭먼트홀딩스,053320,0,0
00407771,듀오백,073190,0,0
00259545,엠에스오토텍,123040,0,0
00317089,한국애보트진단,066930,0,0
00133715,대주코레스,008340,0,0
01050738,솔트룩스,304100,0,0
00946030,로보티즈,108490,0,0
00138516,아남전자,008700,0,0
00122728,범양사,002480,0,0
00123967,부산도시가스,015350,0,0
00108649,TPC,048770,0,0
00231044,우리기술,032820,0,0
00609324,뷰웍스,100120,0,0
00117498,스틱인베스트먼트,026890,0,0
00156956,한국기업평가,034950,0,0
00450995,대모,317850,0,0
01429840,아이티아이즈,372800,0,0
01035289,모두투어리츠,204210,0,0
00143794,원림,005820,0,0
01267222,캐리소프트,317530,0,0
01158632,진코스텍,250030,0,0
00293886,위닉스,044340,0,0
00911229,라온테크,232680,0,0
00162780,한일건설,006440,0,0
01582228,교보11호스팩,397880,0,0
00183215,케이디지엠텍,032290,0,0
00363769,한국전자금융,063570,0,0
00175650,케이씨더블류,068060,0,0
01139497,에스제이켐,217910,0,0
00860730,에이리츠,140910,0,0
00146232,일성건설,013360,0,0
01359736,프로이천,321260,0,0
01003040,케이사인,192250,0,0
01117918,셀젠텍,258250,0,0
01203507,에스엠비나,299670,0,0
00145260,율촌화학,008730,0,0
00241236,씨엘인터내셔널,037340,0,0
00114686,동구바이오제약,006620,0,0
00118965,티에이치엔,019180,0,0
01406618,비올,335890,0,0
00660459,나노씨엠에스,247660,0,0
00125488,삼륭물산,014970,0,0
00687711,한국철강,104700,0,0
00260879,카페24,042000,0,0
00138747,아세아텍,050860,0,0
00861100,아이케이세미콘,149010,0,0
00112907,코원에너지서비스,026870,0,0
00304915,코리아에셋투자증권,190650,0,0
01652970,하나금융23호스팩,427950,0,0
00362159,웰크론,065950,0,0
01235296,셀리드,299660,0,0
01066058,파마리서치바이오,217950,0,0
01303029,알비더블유,361570,0,0
01416235,미투젠,950190,0,0
01293388,무진메디,322970,0,0
00867478,아시아종묘,154030,0,0
00157991,한국석유공업,004090,0,0
01311286,퀀타매트릭스,317690,0,0
00110875,대신정보통신,020180,0,0
01311310,지아이텍,382480,0,0
01037542,바이옵트로,222160,0,0
01475609,디앤디플랫폼리츠,377190,0,0
00606886,엔지켐생명과학,183490,0,0
01394377,이지스밸류플러스리츠,334890,0,0
00118008,동원금속,018500,0,0
00561732,아스플로,159010,0,0
00983934,아이스크림에듀,289010,0,0
01353848,이노벡스,279060,0,0
00132354,쿠쿠홀딩스,192400,0,0
00218052,국제엘렉트릭코리아,053740,0,0
00595243,엔스퍼트,098400,0,0
00133238,성지건설,005980,0,0
00143907,원일특강,012620,0,0
00132202,선진뷰티사이언스,086710,0,0
00657987,KX,122450,0,0
00417167,풍원정밀,371950,0,0
01436558,신한서부티엔디리츠,404990,0,0
00178754,동아지질,028100,0,0
00631837,안트로젠,065660,0,0
00914040,씨엠에스에듀,225330,0,0
00441243,형지엘리트,093240,0,0
00159254,한국전자홀딩스,006200,0,0
01395279,하나금융14호기업인수목적,332710,0,0
01414361,에스케이제5호기업인수목적,337450,0,0
01414936,에스케이제6호기업인수목적,340350,0,0
01360875,탑머티리얼,360070,0,0
01267967,마이크로디지탈,305090,0,0
00125576,체시스,033250,0,0
01203376,유비쿼스,264450,0,0
01276594,신한알파리츠,293940,0,0
00367385,효성오앤비,097870,0,0
01027794,브이원텍,251630,0,0
00632793,전진바이오팜,110020,0,0
01366824,제이엠멀티,254160,0,0
00168401,금비,008870,0,0
00142591,셰프라인,012250,0,0
01407909,원텍,336570,0,0
01390876,상상인이안제2호기업인수목적,329560,0,0
00648721,SNT에너지,100840,0,0
00145914,인터엠,017250,0,0
00329093,코데즈컴바인,047770,0,0
01264872,이노뎁,303530,0,0
00266943,넥슨지티,041140,0,0
00493431,자안바이오,221610,0,0
00800084,씨케이에이치,900120,0,0
01208849,나인테크,267320,0,0
01338724,에스앤케이,950180,0,0
01257872,에스퓨얼셀,288620,0,0
01135640,이삭엔지니어링,351330,0,0
00150633,지누스,013890,0,0
00136341,신성통상,005390,0,0
01182240,배럴,267790,0,0
00530185,이엔에프테크놀로지,102710,0,0
00360142,아이마켓코리아,122900,0,0
01187458,에스알바이오텍,270210,0,0
01046708,바디텍메드,206640,0,0
00298687,스포츠서울,039670,0,0
00256955,테이팩스,055490,0,0
00101549,경동제약,011040,0,0
00688358,하이즈항공,221840,0,0
01119387,이에스산업,241510,0,0
01140837,이지트로닉스,377330,0,0
00247975,솔브레인홀딩스,036830,0,0
00139454,애경산업,018250,0,0
00599151,SV인베스트먼트,289080,0,0
00468374,원익QnC,074600,0,0
01532603,화승알앤에이,378850,0,0
00577016,수산아이앤티,050960,0,0
01399071,고바이오랩,348150,0,0
01613281,하나금융22호스팩,418170,0,0
00398701,엘앤에프,066970,0,0
00534598,한컴라이프케어,372910,0,0
00544577,에이피티씨,089970,0,0
01409022,에이디엠코리아,187660,0,0
00862880,새빗켐,107600,0,0
01344202,뷰노,338220,0,0
00102353,경창산업,024910,0,0
00107224,남선알미늄,008350,0,0
00226228,한프,066110,0,0
01510489,프레스티지바이오파마,950210,0,0
00872850,비지스틸,179440,0,0
00369107,우리바이오,082850,0,0
00428321,해태제과식품,101530,0,0
00815095,우리이앤엘,153490,0,0
00378363,3S,060310,0,0
00347877,세영디앤씨,052190,0,0
01067242,비엘사이언스,228180,0,0
01183407,이십일스토어,270020,0,0
00964595,엔바이오니아,317870,0,0
01415892,제이알글로벌리츠,348950,0,0
00121534,MH에탄올,023150,0,0
01436628,이지스레지던스리츠,350520,0,0
00523936,HB솔루션,297890,0,0
00111458,대영포장,014160,0,0
00159005,생고뱅코리아홀딩스,002000,0,0
00152862,코오롱,002020,0,0
00264945,나이스정보통신,036800,0,0
00397243,티에스엠텍,066350,0,0
00454399,이상네트웍스,080010,0,0
00218575,황금에스티,032560,0,0
00991191,앱클론,174900,0,0
00241209,모아텍,033200,0,0
00248053,지에스엔텍,037640,0,0
01350638,티티씨디펜스,309900,0,0
00910202,대동고려삼,178600,0,0
01201590,에브리봇,270660,0,0
00245694,남화산업,111710,0,0
01594764,신한제9호스팩,405640,0,0
00134316,세원정공,021820,0,0
01116274,엠앤씨생명과학,225860,0,0
01301623,비씨엔씨,146320,0,0
01393299,케이비제19호기업인수목적,330990,0,0
00872452,미래오토스,176440,0,0
00113614,대현,016090,0,0
01309388,티라유텍,322180,0,0
00113058,한화생명,088350,0,0
00139685,양지사,030960,0,0
00276834,KX하이텍,052900,0,0
00103042,케이씨티시,009070,0,0
00106614,기신정기,092440,0,0
00138190,GS글로벌,001250,0,0
01117592,인터코스,240340,0,0
00120508,롯데푸드,002270,0,0
00120872,만호제강,001080,0,0
00830447,수프로,185190,0,0
01160974,바이오에프디엔씨,251120,0,0
00334615,콜마파마,038710,0,0
00565215,굿센,243870,0,0
00264787,럭슬,033600,0,0
00980043,비플라이소프트,148780,0,0
01265251,압타머사이언스,291650,0,0
00139205,안국약품,001540,0,0
01267684,쿠쿠홈시스,284740,0,0
00126779,삼아알미늄,006110,0,0
00975290,에이스토리,241840,0,0
00411905,테라셈,182690,0,0
00490090,이지케어텍,099750,0,0
00681373,디지캡,197140,0,0
01414370,하이제5호기업인수목적,340120,0,0
00602172,와이엠티,251370,0,0
00245898,에스에이치엔엘,050320,0,0
00157104,대동전자,008110,0,0
00110060,대백저축은행,026970,0,0
00425254,나우코스,257990,0,0
00877174,엠브레인,169330,0,0
00905316,하이골드오션3호선박투자회사,153360,0,0
00373571,룽투코리아,060240,0,0
00867973,서남,294630,0,0
00614478,휴메딕스,200670,0,0
00828761,레이,228670,0,0
00104698,LS네트웍스,000680,0,0
00122348,방림,003610,0,0
00664288,스페이스솔루션,245030,0,0
00141149,영진약품,003520,0,0
01264438,자이언트스텝,289220,0,0
01601286,미래에셋비전스팩1호,412930,0,0
00170877,진로발효,018120,0,0
00351995,지에스이,053050,0,0
01013694,인카금융서비스,211050,0,0
00136721,신영증권,001720,0,0
00116824,동아쏘시오홀딩스,000640,0,0
01341630,이노룰스,296640,0,0
00963000,썬테크,217320,0,0
01159853,휴온스,243070,0,0
01337017,이앤에치,341310,0,0
01021949,덱스터,206560,0,0
00304401,텔라움,047730,0,0
00450931,우양에이치씨,101970,0,0
01329957,국전약품,307750,0,0
00135777,신대양제지,016590,0,0
00866594,미애부,225850,0,0
00303703,CS,065770,0,0
00877819,데이타솔루션,263800,0,0
01619513,엔에이치스팩23호,422040,0,0
00367844,자이에스앤디,317400,0,0
00411048,에스앤에스텍,101490,0,0
01357446,퓨런티어,370090,0,0
00656951,현대이지웰,090850,0,0
00101752,케이씨피드,025880,0,0
00116426,코센,009730,0,0
00127200,삼영전자공업,005680,0,0
00186452,광무,029480,0,0
00147222,전방,000950,0,0
00231707,비트컴퓨터,032850,0,0
00159731,글로본,019660,0,0
00106456,지앤엘,014590,0,0
00164308,이마트에브리데이,010090,0,0
01199727,샘씨엔에스,252990,0,0
00569691,디엔에프,092070,0,0
00364795,레드로버,060300,0,0
00158219,시그네틱스,033170,0,0
00821607,알톤스포츠,123750,0,0
00105475,금강철강,053260,0,0
00385336,홈캐스트,064240,0,0
00146296,일신석재,007110,0,0
00147295,전북은행,006350,0,0
00145464,이구산업,025820,0,0
01526949,하이제6호스팩,377400,0,0
01135057,녹십자웰빙,234690,0,0
01108442,에치에프알,230240,0,0
00154329,태평양물산,007980,0,0
00129411,삼환기업,000360,0,0
00109161,태경케미컬,006890,0,0
00529815,오디텍,080520,0,0
01084364,엔지스테크널러지,208860,0,0
00101628,경방,000050,0,0
00816544,토니모리,214420,0,0
00232007,상지카일룸,042940,0,0
00363486,로체시스템즈,071280,0,0
01011395,레몬,294140,0,0
00111865,미래SCI,028040,0,0
00823429,한국화장품,123690,0,0
00257149,지더블유바이텍,036180,0,0
01032583,고려시멘트,198440,0,0
00297095,나라엠앤디,051490,0,0
00303396,한국컴퓨터,054040,0,0
01061327,클래시스,214150,0,0
00616962,린드먼아시아,277070,0,0
01524093,DL이앤씨,375500,0,0
00145880,현대제철,004020,0,0
00172185,남성,004270,0,0
00174004,유성기업,002920,0,0
00683469,일진전기,103590,0,0
00249034,드림라인,035430,0,0
01011526,엔켐,348370,0,0
00665630,테라텍,151750,0,0
00985686,큐브엔터,182360,0,0
00317210,성호전자,043260,0,0
00442561,에프알텍,073540,0,0
00305668,새론오토모티브,075180,0,0
00480783,상신이디피,091580,0,0
00571483,오이솔루션,138080,0,0
00974927,NEW,160550,0,0
00123107,보락,002760,0,0
01089855,맘스터치앤컴퍼니,220630,0,0
00264635,에스넷,038680,0,0
01032404,콜마비앤에이치,200130,0,0
00125725,디모아,016670,0,0
00683007,엑스큐어,070300,0,0
00392691,젬백스링크,064800,0,0
00899459,레이언스,228850,0,0
00357935,HDC현대EP,089470,0,0
01060744,한솔제지,213500,0,0
00450339,에스에프씨,112240,0,0
00863038,윌링스,313760,0,0
00220561,광주신세계,037710,0,0
00165343,혜인,003010,0,0
00155258,포스코스틸리온,058430,0,0
00148595,제일테크노스,038010,0,0
00945457,아이진,185490,0,0
00200910,아이즈비전,031310,0,0
00409964,하이텍팜,106190,0,0
00317104,라이온켐텍,171120,0,0
00159218,한전KPS,051600,0,0
00126089,대유플러스,000300,0,0
00129615,상보,027580,0,0
00574611,SDN,099220,0,0
01064069,토박스코리아,215480,0,0
00549925,루트로닉,085370,0,0
00233653,한국토지신탁,034830,0,0
00762377,씨앗,103660,0,0
01412938,베른,322190,0,0
01063237,플럼라인생명과학,222670,0,0
00258689,JYP Ent.,035900,0,0
00990262,피노텍,150440,0,0
00825959,하이비젼시스템,126700,0,0
00331016,에프앤가이드,064850,0,0
00141389,영풍정밀,036560,0,0
00130772,SBS,034120,0,0
01117422,나눔테크,244880,0,0
00101220,KG케미칼,001390,0,0
00491415,인포바인,115310,0,0
00101433,경농,002100,0,0
00152686,코리아써키트,007810,0,0
00385415,일신바이오,068330,0,0
00162993,한일홀딩스,003300,0,0
00124027,부산산업,011390,0,0
01409095,맥스트,377030,0,0
00800145,서진오토모티브,122690,0,0
00145686,이화산업,000760,0,0
00173102,모나리자,012690,0,0
00269889,누리플렉스,040160,0,0
00767628,나이벡,138610,0,0
00411385,유비쿼스홀딩스,078070,0,0
00660291,옵티시스,109080,0,0
00318316,대아티아이,045390,0,0
00361169,한국전자인증,041460,0,0
00258360,위지트,036090,0,0
01336373,메드팩토,235980,0,0
00118804,동진쎄미켐,005290,0,0
00372873,KTis,058860,0,0
00361725,에스케이커뮤니케이션즈,066270,0,0
01124653,슈프리마,236200,0,0
00583442,노루페인트,090350,0,0
00332927,제이에스코퍼레이션,194370,0,0
00389110,지어소프트,051160,0,0
01573974,엔에이치스팩20호,391060,0,0
00266952,네오위즈홀딩스,042420,0,0
00608440,티앤엘,340570,0,0
00398792,SNT모티브,064960,0,0
00148920,조광페인트,004910,0,0
00306870,손오공,066910,0,0
00442455,코스나인,082660,0,0
00681142,쌍방울,102280,0,0
00563545,두산테스나,131970,0,0
00829380,피제이메탈,128660,0,0
01170865,네오셈,253590,0,0
00159500,한국종합기술,023350,0,0
00484682,엘오티베큠,083310,0,0
00136165,스페코,013810,0,0
01437292,미래에셋맵스리츠,357250,0,0
00923792,내츄럴엔도텍,168330,0,0
00677334,아하,102950,0,0
00454937,덕신하우징,090410,0,0
00442570,제우스,079370,0,0
00117027,알루코,001780,0,0
00580667,S&K폴리텍,091340,0,0
01390399,솔트웨어,328380,0,0
00261957,한국정보공학,039740,0,0
00540641,동양고속,084670,0,0
00136864,신원,009270,0,0
01182408,소프트캠프,258790,0,0
01516368,산돌,419120,0,0
00155373,풍강,093380,0,0
00137997,현대차증권,001500,0,0
00121039,명문제약,017180,0,0
00533003,디케이락,105740,0,0
00231363,LG유플러스,032640,0,0
00355548,한국테크놀로지,053590,0,0
00336297,고려신용정보,049720,0,0
00137809,SHD,001770,0,0
00545929,제넥신,095700,0,0
00781202,애머릿지,900100,0,0
01071944,미래생명자원,218150,0,0
00833064,엠플러스,259630,0,0
00164362,행남사,008800,0,0
00405959,스타플렉스,115570,0,0
00136457,SH에너지화학,002360,0,0
00111193,대양전기공업,108380,0,0
00442826,대봉엘에스,078140,0,0
00159175,한국전기초자,009720,0,0
01168383,일동제약,249420,0,0
00146083,일동홀딩스,000230,0,0
00105101,예스코홀딩스,015360,0,0
00490179,플랜티넷,075130,0,0
01258710,이노메트리,302430,0,0
00242934,케이엠,083550,0,0
00678096,맥스로텍,141070,0,0
00198697,일진디스플,020760,0,0
00220686,에스피지,058610,0,0
00429694,파버나인,177830,0,0
01049422,썸에이지,208640,0,0
00138598,아비코전자,036010,0,0
01363924,한국미라클피플사,331660,0,0
00560849,에스앤디,260970,0,0
00360036,백금T&A,046310,0,0
00673976,지스마트글로벌,114570,0,0
00125530,SPC삼립,005610,0,0
00347716,중앙디앤엠,051980,0,0
00857727,하림,136480,0,0
01085187,씨알푸드,236030,0,0
00803425,코리아에프티,123410,0,0
00580065,월덱스,101160,0,0
00797364,KC코트렐,119650,0,0
00228536,현대에버다임,041440,0,0
00118345,디아이동일,001530,0,0
00636656,바이오플러스,099430,0,0
01096341,넥슨게임즈,225570,0,0
00489243,동아엘텍,088130,0,0
00476036,에프엔에스테크,083500,0,0
00121288,모나미,005360,0,0
01601222,유진스팩8호,413630,0,0
01678835,유진스팩9호,442130,0,0
00146269,일신방직,003200,0,0
00157681,롯데정밀화학,004000,0,0
00155382,바이오빌,065940,0,0
00116408,동신건설,025950,0,0
00362201,세운메디칼,100700,0,0
00130684,서울도시가스,017390,0,0
00608316,대한과학,131220,0,0
00157539,KB오토시스,024120,0,0
00671978,그리티,204020,0,0
00130091,샘표,007540,0,0
00147994,새로닉스,042600,0,0
00138729,아세아제지,002310,0,0
00531014,유진테크,084370,0,0
01584934,핑거스토리,417180,0,0
01534522,삼성머스트스팩5호,380320,0,0
00172936,동일산업,004890,0,0
00307222,YBM넷,057030,0,0
00232821,클라우드에어,036170,0,0
00977650,엔케이맥스,182400,0,0
01435489,범한퓨얼셀,382900,0,0
00369170,인터플렉스,051370,0,0
00992871,종근당,185750,0,0
00135050,팜젠사이언스,004720,0,0
00560122,텔레필드,091440,0,0
00364403,쏠리드,050890,0,0
00151395,천일고속,000650,0,0
00164636,HDC,012630,0,0
00870481,에코캡,128540,0,0
00127158,씨아이테크,004920,0,0
00235147,에이팸,073070,0,0
00530556,예스티,122640,0,0
00125743,현대비앤지스틸,004560,0,0
01046203,스튜디오산타클로스,204630,0,0
01167056,샘표식품,248170,0,0
01319899,SK바이오사이언스,302440,0,0
00139214,삼성화재해상보험,000810,0,0
01023318,센코,347000,0,0
00220057,유비케어,032620,0,0
01165155,모비스,250060,0,0
00959229,세종메디칼,258830,0,0
00153126,크라운해태홀딩스,005740,0,0
00128661,에스에이엠티,031330,0,0
00166519,화천기공,000850,0,0
01205329,크라운제과,264900,0,0
00799539,제노레이,122310,0,0
00641171,인지소프트,100030,0,0
00493510,뉴프렉스,085670,0,0
00223434,에프에스티,036810,0,0
00164779,SK하이닉스,000660,0,0
00131504,서한,011370,0,0
01663055,한화플러스제3호스팩,430460,0,0
00210740,대화제약,067080,0,0
00864338,웹스,196700,0,0
00155735,피제이전자,006140,0,0
00579980,아이티엠반도체,084850,0,0
00364740,머큐리,100590,0,0
01169267,세화피앤씨,252500,0,0
00527002,화인써키트,127980,0,0
00130383,서부T&D,006730,0,0
00146560,일지테크,019540,0,0
00325112,프로텍,053610,0,0
01135941,원익IPS,240810,0,0
00532855,한국유니온제약,080720,0,0
00925295,에프엔씨엔터,173940,0,0
00486370,성창오토텍,080470,0,0
01015160,와이팜,332570,0,0
00321204,관악산업,076340,0,0
00610083,비아트론,141000,0,0
00152127,심텍홀딩스,036710,0,0
00876865,네오오토,212560,0,0
01065785,노브메타파마,229500,0,0
00618410,상상인인더스트리,101000,0,0
00496225,이엠네트웍스,087730,0,0
01141599,차백신연구소,261780,0,0
00173874,넥센타이어,002350,0,0
00138224,쌍용씨앤이,003410,0,0
01677429,엔에이치스팩27호,440820,0,0
00135962,신라교역,004970,0,0
00653024,진에어,272450,0,0
01412725,두산퓨얼셀,336260,0,0
00203582,한솔홈데코,025750,0,0
01063990,로보로보,215100,0,0
00938721,필옵틱스,161580,0,0
01309795,알로이스,297570,0,0
00136004,신라에스지,025870,0,0
00250997,대정화금,120240,0,0
00579999,고영,098460,0,0
00599957,슈프리마에이치큐,094840,0,0
00117726,동양피스톤,092780,0,0
00116806,하스코,012760,0,0
00151447,천지산업,001490,0,0
00165583,E1,017940,0,0
00124805,푸른저축은행,007330,0,0
00860332,메리츠금융지주,138040,0,0
00307189,에스케이엔펄스,057500,0,0
00444329,위메이드,112040,0,0
01669475,하나금융25호스팩,435620,0,0
00162081,한국투자파트너스,019560,0,0
01217829,엔에프씨,265740,0,0
00651901,에어부산,298690,0,0
00158909,하나은행,004940,0,0
01675254,엔에이치스팩26호,439410,0,0
01674468,엔에이치스팩25호,438580,0,0
00871833,에스티팜,237690,0,0
00159023,SK텔레콤,017670,0,0
01562589,LX홀딩스,383800,0,0
00919966,신라젠,215600,0,0
01250374,에스에스알,275630,0,0
00542074,나노캠텍,091970,0,0
00202060,구영테크,053270,0,0
00138297,STX,011810,0,0
00160010,한국큐빅,021650,0,0
00415707,엔텔스,069410,0,0
00159795,한국카본,017960,0,0
00807379,신흥에스이씨,243840,0,0
00503668,LIG넥스원,079550,0,0
00118521,진원생명과학,011000,0,0
00161383,한미반도체,042700,0,0
01264234,엘에이티,311060,0,0
00105952,LS,006260,0,0
00339391,한화시스템,272210,0,0
00397252,조이시티,067000,0,0
00125080,AK홀딩스,006840,0,0
00366517,KC산업,112190,0,0
01310269,HDC현대산업개발,294870,0,0
00378628,KH바텍,060720,0,0
00216762,한양이엔지,045100,0,0
00897752,천보,278280,0,0
00406046,STX중공업,071970,0,0
00206039,경남스틸,039240,0,0
00160621,한국화장품제조,003350,0,0
00121941,대상,001680,0,0
00253985,국보디자인,066620,0,0
00614593,넥스트아이,137940,0,0
00340096,미래에셋벤처투자,100790,0,0
00868705,윈스,136540,0,0
00363246,우원개발,046940,0,0
00539274,대상홀딩스,084690,0,0
00145473,이글벳,044960,0,0
00357607,케이피티유,054410,0,0
00259590,바른손이앤에이,035620,0,0
00535676,테크윙,089030,0,0
00365624,아이윈,090150,0,0
00430089,삼보오토,070080,0,0
00688996,KB금융,105560,0,0
01180118,코람코더원리츠,417310,0,0
00136925,신원종합개발,017000,0,0
00447007,알리코제약,260660,0,0
00103006,고려제강,002240,0,0
00575106,씨유테크,376290,0,0
01397772,큐라클,365270,0,0
00110583,DH오토웨어,025440,0,0
00117744,메리츠화재해상보험,000060,0,0
01440481,아이비케이에스제13호기업인수목적,351340,0,0
01166109,예선테크,250930,0,0
01441611,원티드랩,376980,0,0
00133991,세아특수강,019440,0,0
00130763,서울반도체,046890,0,0
00533508,제이엠티,094970,0,0
00267942,큐캐피탈,016600,0,0
00264714,SG&G,040610,0,0
00643656,위메이드맥스,101730,0,0
00580199,메디톡스,086900,0,0
01095722,심텍,222800,0,0
00103592,광동제약,009290,0,0
00265421,인지디스플레,037330,0,0
00405320,웹젠,069080,0,0
00153861,태영건설,009410,0,0
01319808,한일시멘트,300720,0,0
00203023,시노펙스,025320,0,0
01506848,비스토스,419540,0,0
00609661,티쓰리,204610,0,0
01061497,FSN,214270,0,0
01677678,교보13호스팩,440790,0,0
01026157,쏘카,403550,0,0
00216498,성도이엔지,037350,0,0
00298340,에스티아이,039440,0,0
01524507,핀텔,291810,0,0
00549891,케어젠,214370,0,0
00554024,셀트리온헬스케어,091990,0,0
00163114,서연,007860,0,0
00653103,SBW생명과학,151910,0,0
00297448,플래스크,041590,0,0
00787376,대성에너지,117580,0,0
00684802,에이플러스에셋,244920,0,0
00177870,대창솔루션,096350,0,0
01244601,카카오페이,377300,0,0
00161444,한국씨티은행,016830,0,0
00150244,하이트진로,000080,0,0
01174038,자비스,254120,0,0
00273420,이스트소프트,047560,0,0
01095704,케이엠제약,225430,0,0
01206717,마이크로엔엑스,448780,0,0
00230911,HRS,036640,0,0
00228059,휴온스글로벌,084110,0,0
00166528,서암기계공업,100660,0,0
00108977,대구백화점,006370,0,0
00245472,티씨케이,064760,0,0
00128971,DL건설,001880,0,0
01187148,케어랩스,263700,0,0
01456011,디어유,376300,0,0
00858124,알에스오토메이션,140670,0,0
00255044,현대에이치티,039010,0,0
00148522,퍼스텍,010820,0,0
00353610,이니텍,053350,0,0
00158501,에스원,012750,0,0
00125965,KH 전자,111870,0,0
00117267,동양생명,082640,0,0
00335076,오픈베이스,049480,0,0
00113410,CJ대한통운,000120,0,0
00117188,효성,004800,0,0
00134963,송원산업,004430,0,0
01302853,아이씨에이치,368600,0,0
01494118,노을,376930,0,0
00270113,멕아이씨에스,058110,0,0
00113191,코리안리,003690,0,0
00124106,부산은행,005280,0,0
00386937,국민은행,060000,0,0
01263022,BGF리테일,282330,0,0
00149239,조일알미늄,018470,0,0
01133217,카카오뱅크,323410,0,0
00136378,신세계,004170,0,0
00876908,모트렉스,118990,0,0
00166500,화천기계,010660,0,0
00520887,비상교육,100220,0,0
00441650,케이씨에스,115500,0,0
00129387,삼화페인트공업,000390,0,0
01185867,퓨쳐메디신,341170,0,0
00250137,와이어블,065530,0,0
00113544,대한화섬,003830,0,0
00127909,삼일,032280,0,0
00243757,인포뱅크,039290,0,0
01032413,해성디에스,195870,0,0
00478900,빅솔론,093190,0,0
01419986,신영해피투모로우제6호기업인수목적,344050,0,0
01261893,케이씨텍,281820,0,0
00238782,다우데이타,032190,0,0
00126362,삼성SDI,006400,0,0
01028164,광주은행,192530,0,0
00854997,에스디바이오센서,137310,0,0
00346966,에코솔루션,052510,0,0
00896285,삼양사,145990,0,0
00126937,삼양홀딩스,000070,0,0
00303873,CJ CGV,079160,0,0
00453929,메디포스트,078160,0,0
00242378,이지홀딩스,035810,0,0
01418543,케이비제20호기업인수목적,342550,0,0
00148948,조비,001550,0,0
00109453,케이조선,067250,0,0
01405390,핌스,347770,0,0
01507810,애니메디솔루션,390110,0,0
00553025,데이터스트림즈,199150,0,0
00111227,대양제지,006580,0,0
00445160,디이엔티,079810,0,0
00140779,영보화학,014440,0,0
00124151,부산주공,005030,0,0
00153393,태광산업,003240,0,0
00679314,동성케미컬,102260,0,0
00157070,한국단자공업,025540,0,0
01137383,카카오게임즈,293490,0,0
01587056,엔젯,419080,0,0
01114586,셀레믹스,331920,0,0
00113562,롯데손해보험,000400,0,0
01146822,아이퀘스트,262840,0,0
00965062,코셋,189350,0,0
01513440,파이버프로,368770,0,0
01014718,제노코,361390,0,0
00592653,유비벨록스,089850,0,0
01430475,코람코에너지리츠,357120,0,0
00112651,대창,012800,0,0
00343127,자유투어,046840,0,0
00269852,폴라리스오피스,041020,0,0
01074862,메가스터디교육,215200,0,0
00870861,와이엠씨,155650,0,0
00176914,다우기술,023590,0,0
01354740,브이씨,365900,0,0
00390365,토비스,051360,0,0
00189538,피델릭스,032580,0,0
00231354,파워넷,037030,0,0
00358271,에스에프에이,056190,0,0
01032486,두산밥캣,241560,0,0
00140177,GS리테일,007070,0,0
00491938,GH신소재,130500,0,0
01535150,SK리츠,395400,0,0
01169498,젬,248020,0,0
00174527,화성산업,002460,0,0
01437432,디티앤씨알오,383930,0,0
00306719,에스텍,069510,0,0
01112700,에스엘에스바이오,246250,0,0
00173351,삼진,032750,0,0
00158565,한국알콜,017890,0,0
00178851,동양에스텍,060380,0,0
00225706,JW생명과학,234080,0,0
00123523,창해에탄올,004650,0,0
00407285,아이컴포넌트,059100,0,0
00445054,하나마이크론,067310,0,0
00629212,딜리,131180,0,0
00219440,휴맥스홀딩스,028080,0,0
00657783,모델솔루션,417970,0,0
01061558,덕산네오룩스,213420,0,0
00255619,강원랜드,035250,0,0
00239596,쎄니트,037760,0,0
00133089,성원,015200,0,0
00117601,유안타증권,003470,0,0
01109122,에스엘테라퓨틱스,258540,0,0
01309069,타이드,346010,0,0
00181712,SK,034730,0,0
00631518,SK이노베이션,096770,0,0
00117577,오리온홀딩스,001800,0,0
00125150,SGC에너지,005090,0,0
00166573,환인제약,016580,0,0
00261656,잉크테크,049550,0,0
00263654,오스코텍,039200,0,0
00126487,F&F 홀딩스,007700,0,0
01504804,유안타제7호기업인수목적,367460,0,0
00577335,대성하이텍,129920,0,0
00263371,한국경제TV,039340,0,0
00113508,노루홀딩스,000320,0,0
00269922,인바디,041830,0,0
00153755,태양금속공업,004100,0,0
00132804,성신양회,004980,0,0
01222432,에스제이그룹,306040,0,0
01020843,원익피앤이,217820,0,0
01437186,ESR켄달스퀘어리츠,365550,0,0
00945776,지슨,289860,0,0
01612608,신영스팩7호,419270,0,0
00862853,플레이디,237820,0,0
00244455,케이티앤지,033780,0,0
00139889,SKC,011790,0,0
00106623,현대위아,011210,0,0
00131850,SK증권,001510,0,0
01513404,하나머스트7호스팩,372290,0,0
00157636,케이피에프,024880,0,0
00407975,엔터미디어,068420,0,0
00174208,진성티이씨,036890,0,0
01586455,꿈비,407400,0,0
01616808,키움제6호스팩,413600,0,0
00659976,영화테크,265560,0,0
00447575,제이앤티씨,204270,0,0
00875307,야스,255440,0,0
01160512,헝셩그룹,900270,0,0
01020269,탈로스,434190,0,0
00785475,원익피앤이,131390,0,0
00255275,HB테크놀러지,078150,0,0
00855093,선진,136490,0,0
00576798,디아이티,110990,0,0
00117230,TYM,002900,0,0
00128412,삼진제약,005500,0,0
00143262,우진아이엔에스,010400,0,0
01159233,솔루엠,248070,0,0
01012066,HK이노엔,195940,0,0
00160861,한농화성,011500,0,0
00114093,덕성,004830,0,0
00144395,동서,026960,0,0
00135795,신도리코,029530,0,0
00181299,상아프론테크,089980,0,0
00409371,인베니아,079950,0,0
01364747,가온칩스,399720,0,0
01152470,펄어비스,263750,0,0
00347442,모보,051810,0,0
00415628,세진중공업,075580,0,0
00173740,신한,005450,0,0
00654272,램테크놀러지,171010,0,0
00373447,서린바이오,038070,0,0
00990165,아세아시멘트,183190,0,0
00199076,동일기연,032960,0,0
00809517,아이엠텍,226350,0,0
00165680,호텔신라,008770,0,0
00123718,부광약품,003000,0,0
01012987,아모센스,357580,0,0
00159342,한국정보통신,025770,0,0
00327819,선익시스템,171090,0,0
00129509,한익스프레스,014130,0,0
00257732,한국정밀기계,101680,0,0
00793155,핸디소프트,220180,0,0
00176516,금화피에스시,036190,0,0
00138367,플레이위드,023770,0,0
00684714,풍산,103140,0,0
00126371,삼성전기,009150,0,0
00148993,하이트진로홀딩스,000140,0,0
00565154,이노션,214320,0,0
00106313,금호건설,002990,0,0
01686755,파인엠텍,441270,0,0
00238199,로지시스,067730,0,0
00111999,대원제약,003220,0,0
01153293,제이엘케이,322510,0,0
00141282,에이치디씨영창,001890,0,0
00593032,LF,093050,0,0
00103644,비츠로테크,042370,0,0
00124799,사조산업,007160,0,0
00352064,프리엠스,053160,0,0
00133511,SG세계물산,004060,0,0
00414601,유니퀘스트,077500,0,0
00199988,동아화성,041930,0,0
00160302,코스모화학,005420,0,0
00136095,조은저축은행,031920,0,0
00416654,유엔젤,072130,0,0
00384762,파커스,065690,0,0
01208885,경동도시가스,267290,0,0
00577380,신진에스엠,138070,0,0
00102140,경인전자,009140,0,0
00435969,인피니트헬스케어,071200,0,0
00292434,인트론바이오,048530,0,0
00670340,씨에스윈드,112610,0,0
00171867,에스씨디,042110,0,0
00131018,서울제약,018680,0,0
00258102,지엔코,065060,0,0
00230425,나노엔텍,039860,0,0
00287788,정상제이엘에스,040420,0,0
00173795,신흥,004080,0,0
00307897,신한카드,032710,0,0
00159209,한전기술,052690,0,0
01117246,EMB,278990,0,0
01047840,미스터블루,207760,0,0
01246742,테크트랜스,258050,0,0
01419135,이노진,344860,0,0
00587457,갤럭시아머니트리,094480,0,0
00760971,크래프톤,259960,0,0
00126256,삼성생명,032830,0,0
00666204,제너셈,217190,0,0
00124276,부스타,008470,0,0
00328191,케이에스피,073010,0,0
00155151,피에이치에이,043370,0,0
00143527,경동인베스트,012320,0,0
00148470,제일전기공업,199820,0,0
00611286,블루탑,191600,0,0
00138446,아가방컴퍼니,013990,0,0
00296263,YW,051390,0,0
00269612,파워로직스,047310,0,0
00111218,KD,044180,0,0
00495086,픽셀플러스,087600,0,0
00479787,인텍플러스,064290,0,0
00258801,카카오,035720,0,0
00876643,엔피디,198080,0,0
00350482,성우테크론,045300,0,0
00256715,국순당,043650,0,0
00219097,BGF,027410,0,0
00799177,삼기,122350,0,0
00127936,삼일기업공사,002290,0,0
00154055,태원물산,001420,0,0
01091054,쎄노텍,222420,0,0
00447928,네오티스,085910,0,0
00103130,플레이그램,009810,0,0
00428251,현대백화점,069960,0,0
00927558,유바이오로직스,206650,0,0
00144164,SK가스,018670,0,0
01214743,더네이쳐홀딩스,298540,0,0
00159564,한국주강,025890,0,0
00759294,와이솔,122990,0,0
00112165,디아이씨,092200,0,0
00149804,대유에이텍,002880,0,0
00764807,골프존데카,183410,0,0
00340917,동원F&B,049770,0,0
00346610,이노시스,056090,0,0
00513948,녹십자엠에스,142280,0,0
00356927,에이디칩스,054630,0,0
00445799,서원인텍,093920,0,0
00366845,탑엔지니어링,065130,0,0
01676989,케이비제23호스팩,440200,0,0
01326279,아이엘사이언스,307180,0,0
01497869,티와이홀딩스,363280,0,0
00109189,대덕,008060,0,0
01316227,효성티앤씨,298020,0,0
00222532,LG헬로비전,037560,0,0
01478712,대덕전자,353200,0,0
00875237,씨앤투스,352700,0,0
01656374,신영스팩8호,430220,0,0
00143314,에이엔피,015260,0,0
00138701,아세아,002030,0,0
00300405,오리엔트정공,065500,0,0
00983271,엔에이치엔,181710,0,0
00364306,성우전자,081580,0,0
01099667,에스디생명공학,217480,0,0
00377018,기가레인,049080,0,0
00104537,국영지앤엠,006050,0,0
00244783,한네트,052600,0,0
00112022,대원화성,024890,0,0
00148276,제일기획,030000,0,0
00298270,안랩,053800,0,0
01336762,라이프시맨틱스,347700,0,0
01396931,유엑스엔,337840,0,0
00152783,코메론,049430,0,0
00302926,현대로템,064350,0,0
00201450,SK렌터카,068400,0,0
00411808,제이오,418550,0,0
00101336,경남에너지,008020,0,0
01442966,마스턴프리미어리츠,357430,0,0
00167280,폴루스바이오팜,007630,0,0
00625942,한솔아이원스,114810,0,0
00105299,금강공업,014280,0,0
00102751,고려산업,002140,0,0
00110893,대신증권,003540,0,0
01408999,웨이버스,336060,0,0
00129235,삼화왕관,004450,0,0
01689938,신영스팩9호,445970,0,0
01316236,효성화학,298000,0,0
00623661,원익머트리얼즈,104830,0,0
00161408,케이비캐피탈,021960,0,0
00159102,DB손해보험,005830,0,0
01076550,주노콜렉션,221670,0,0
00149646,기업은행,024110,0,0
00111014,애큐온저축은행,007640,0,0
01251489,라온피플,300120,0,0
00480048,모다이노칩,080420,0,0
00618401,크루셜텍,114120,0,0
00108913,대교,019680,0,0
00171265,파라다이스,034230,0,0
00226866,인탑스,049070,0,0
00361488,텔코웨어,078000,0,0
00220969,오공,045060,0,0
00122898,벽산,007210,0,0
01416642,다보링크,340360,0,0
01157235,아스타,246720,0,0
01101041,패션플랫폼,225590,0,0
00132488,신세계톰보이,012580,0,0
01327092,라닉스,317120,0,0
00365758,아이앤씨,052860,0,0
00603348,케이아이엔엑스,093320,0,0
00667425,에이팩트,200470,0,0
00113535,대한해운,005880,0,0
00808022,메지온,140410,0,0
00937324,한국타이어앤테크놀로지,161390,0,0
00168331,국동,005320,0,0
00626710,한국월드와이드베트남부동산개발특별자산1호투자회사,096300,0,0
00939331,한국콜마,161890,0,0
00301422,우수AMS,066590,0,0
00972293,파멥신,208340,0,0
00915508,알엔투테크놀로지,148250,0,0
01462605,지투파워,388050,0,0
00557508,GKL,114090,0,0
00210980,원익,032940,0,0
00296005,우리로,046970,0,0
01077577,우리산업,215360,0,0
00308559,코디,080530,0,0
00153278,서연탑메탈,019770,0,0
00988364,SGA솔루션즈,184230,0,0
00187725,코콤,015710,0,0
00231372,롯데관광개발,032350,0,0
00838962,알서포트,131370,0,0
00221728,하츠,066130,0,0
00256043,비씨월드제약,200780,0,0
00761952,아나패스,123860,0,0
00129271,삼화전기,009470,0,0
01591606,IBKS제17호스팩,405350,0,0
00164812,현대코퍼레이션,011760,0,0
00164645,HMM,011200,0,0
00188797,포메탈,119500,0,0
00638539,뉴로스,126870,0,0
01026616,유투바이오,221800,0,0
00656021,시티랩스,139050,0,0
01221752,지에프씨생명과학,388610,0,0
01416457,하나금융15호기업인수목적,341160,0,0
00756163,볼빅,206950,0,0
00526696,웨이브일렉트로,095270,0,0
01243161,인산가,277410,0,0
01069736,한독크린텍,256150,0,0
00660033,씨엔플러스,115530,0,0
00599595,BGF에코머티리얼즈,126600,0,0
00111810,대웅,003090,0,0
01070857,켐온,217600,0,0
00540340,코리아센터,290510,0,0
01632851,IBKS제19호스팩,426550,0,0
00397289,오텍,067170,0,0
01116380,씨앤에스링크,245450,0,0
00172291,더존비즈온,012510,0,0
00103176,흥국화재,000540,0,0
00126788,삼아제약,009300,0,0
01263527,카이노스메드,284620,0,0
00374020,이엘피,063760,0,0
01139965,스튜디오미르,408900,0,0
01335851,박셀바이오,323990,0,0
00462121,이노와이어리스,073490,0,0
00526599,덴티움,145720,0,0
00616290,이엠넷,123570,0,0
00372226,티에스이,131290,0,0
00126186,삼성에스디에스,018260,0,0
00300548,현대리바트,079430,0,0
00766106,트루윈,105550,0,0
00560982,바이오솔루션,086820,0,0
00765462,씨에스베어링,297090,0,0
01109955,링크제니시스,219420,0,0
01571107,오픈엣지테크놀로지,394280,0,0
00372882,KTcs,058850,0,0
00160047,한국앤컴퍼니,000240,0,0
00362441,현대오토에버,307950,0,0
00188089,한섬,020000,0,0
00878915,DGB금융지주,139130,0,0
00635134,CJ제일제당,097950,0,0
00164742,현대자동차,005380,0,0
00106368,금호석유화학,011780,0,0
00264228,위즈코프,038620,0,0
00137058,신일제약,012790,0,0
00843900,육일씨엔에쓰,191410,0,0
00149026,CS홀딩스,000590,0,0
00256380,유아이엘,049520,0,0
00167004,흥구석유,024060,0,0
00295370,제이앤케이인더스트리,039230,0,0
01199189,이랜시스,264850,0,0
00302120,피앤텔,054340,0,0
00874937,탑선,180060,0,0
01416572,세림B&G,340440,0,0
00990396,뿌리깊은나무들,266170,0,0
00323868,웹케시,053580,0,0
01405585,윙스풋,335870,0,0
00104786,미래아이앤지,007120,0,0
00112721,대창스틸,140520,0,0
00624998,제닉,123330,0,0
00624509,디바이스이엔지,187870,0,0
00123781,부국철강,026940,0,0
00604815,에스디시스템,121890,0,0
00454946,그린케미칼,083420,0,0
00812362,디에스앤엘,141020,0,0
00606293,나이스디앤비,130580,0,0
00155498,풍림산업,001310,0,0
00608802,텔콘RF제약,200230,0,0
01188730,SK시그넷,260870,0,0
00135999,신라섬유,001000,0,0
00309831,알에프텍,061040,0,0
01381984,비트나인,357880,0,0
01316245,효성중공업,298040,0,0
00366942,미코,059090,0,0
00261285,한국가스공사,036460,0,0
01291317,더블유씨피,393890,0,0
01011562,우성아이비,194610,0,0
01336443,디와이씨,310870,0,0
00961774,유티아이,179900,0,0
00299844,미래반도체,254490,0,0
00154718,비츠로셀,082920,0,0
00350020,파인디앤씨,049120,0,0
00117382,디와이홀딩스,004510,0,0
00409672,티비에이치글로벌,084870,0,0
00125646,삼목에스폼,018310,0,0
00260569,유니셈,036200,0,0
00106881,인디에프,014990,0,0
00131692,서흥,008490,0,0
00122737,팬오션,028670,0,0
01325979,세아제강,306200,0,0
01311055,쿠콘,294570,0,0
00453488,다이나믹디자인,145210,0,0
00422284,메가스터디,072870,0,0
00313649,현대바이오,048410,0,0
00497631,티플랙스,081150,0,0
00351579,SGA,049470,0,0
00107677,비비안,002070,0,0
00234227,유진로봇,056080,0,0
00267854,메디앙스,014100,0,0
00402989,코스온,069110,0,0
00186559,콤텍시스템,031820,0,0
00145668,이화공영,001840,0,0
00527464,에이치시티,072990,0,0
00249982,솔본,035610,0,0
00110608,DSR,155660,0,0
01259311,푸드나무,290720,0,0
00929228,엔에스컴퍼니,224760,0,0
00526836,미래나노텍,095500,0,0
01325429,네온테크,306620,0,0
00159971,KC그린홀딩스,009440,0,0
01059605,디와이파워,210540,0,0
00681249,씨유메디칼,115480,0,0
00260657,오상헬스케어,036220,0,0
00307028,경남제약,053950,0,0
00130408,서산,079650,0,0
00117966,동원개발,013120,0,0
00899556,제룡산업,147830,0,0
00131328,두함지개발,016140,0,0
00578538,티피씨글로벌,130740,0,0
00540429,휴림로봇,090710,0,0
00231831,조아제약,034940,0,0
01203808,AP시스템,265520,0,0
01591262,디비금융스팩10호,404950,0,0
01288827,HPSP,403870,0,0
01124680,보라티알,250000,0,0
00398808,디지털대성,068930,0,0
00124577,엠소닉,008120,0,0
01672053,케이비제22호스팩,436530,0,0
00128175,원익큐브,014190,0,0
00970453,파마리서치,214450,0,0
00408266,유니온커뮤니티,203450,0,0
01344752,케어룸의료산업,327970,0,0
00407036,선바이오,067370,0,0
00146861,자화전자,033240,0,0
00369213,리노스,039980,0,0
00306454,한국정보인증,053300,0,0
00163345,DB,012030,0,0
00252001,해원에스티,058480,0,0
00525934,LX세미콘,108320,0,0
00753643,컨버즈,109070,0,0
00161709,퍼시스,016800,0,0
00265005,옴니시스템,057540,0,0
00104856,삼성증권,016360,0,0
00104120,광진실업,026910,0,0
00449254,쎄트렉아이,099320,0,0
00626011,아이텍,119830,0,0
00346407,큐로컴,040350,0,0
00414850,효성 ITX,094280,0,0
00348034,액토즈소프트,052790,0,0
00508274,일진다이아,081000,0,0
00367482,라이트론,069540,0,0
00140566,한탑,002680,0,0
01246034,네오펙트,290660,0,0
01038693,드림시큐리티,203650,0,0
00832700,에이펙스인텍,207490,0,0
01261644,레인보우로보틱스,277810,0,0
00531829,엠아이텍,179290,0,0
00761059,펌텍코리아,251970,0,0
00613318,와이지엔터테인먼트,122870,0,0
00622787,바이오노트,377740,0,0
01219155,네오크레마,311390,0,0
00676122,지디,155960,0,0
00136402,신송홀딩스,006880,0,0
00107987,남해화학,025860,0,0
00159874,한국컴퓨터지주,009760,0,0
00633835,HJ중공업,097230,0,0
01436336,이베스트기업인수목적5호,349720,0,0
01480780,NH올원리츠,400760,0,0
00412597,현대홈쇼핑,057050,0,0
00533809,바스칸바이오제약,354390,0,0
00153375,태광,023160,0,0
00155638,피에스텍,002230,0,0
01672114,한국제11호스팩,436610,0,0
00521433,엔지브이아이,093510,0,0
00119140,핸즈코퍼레이션,143210,0,0
00155452,풍국주정,023900,0,0
00111847,대원강업,000430,0,0
00728638,한세실업,105630,0,0
00842585,네이블커뮤니케이션즈,153460,0,0
01109539,와이아이케이,232140,0,0
01021666,덕산테코피아,317330,0,0
00133335,성창기업지주,000180,0,0
00122481,태경비케이,014580,0,0
01008762,데브시스터즈,194480,0,0
01387164,샤페론,378800,0,0
00123648,심팩인더스트리,005350,0,0
00369833,유니온머티리얼,047400,0,0
00173999,유성티엔에스,024800,0,0
01526806,삼기이브이,419050,0,0
00536523,로보스타,090360,0,0
00141307,영풍,000670,0,0
00140131,키다리스튜디오,020120,0,0
01136001,나노브릭,286750,0,0
00164478,현대건설,000720,0,0
00131054,유진증권,001200,0,0
01097906,KH 건설,226360,0,0
00982023,실리콘투,257720,0,0
00162911,한일사료,005860,0,0
00828789,대성산업,128820,0,0
01514519,유진스팩6호,373340,0,0
00151368,인터지스,129260,0,0
00169215,에너토크,019990,0,0
00185356,제룡전기,033100,0,0
00925967,이엠티,232530,0,0
00164706,현대약품,004310,0,0
00126292,삼성카드,029780,0,0
00164973,현대해상,001450,0,0
00159698,지역난방공사,071320,0,0
00128555,삼천리,004690,0,0
00200275,YTN,040300,0,0
00149345,조흥,002600,0,0
01398151,밸로프,331520,0,0
00112679,대창단조,015230,0,0
01593242,하나금융21호스팩,406760,0,0
00131896,선광,003100,0,0
01569838,유진스팩7호,388800,0,0
00103662,광명전기,017040,0,0
01042359,지엘팜텍,204840,0,0
01113949,퓨전,195440,0,0
00406329,루멘스,038060,0,0
01515864,넥스트칩,396270,0,0
00158963,유나이티드,033270,0,0
00141246,SGC이테크건설,016250,0,0
01274329,성일하이텍,365340,0,0
01042650,큐리언트,115180,0,0
00359076,브리지텍,064480,0,0
00439965,나노신소재,121600,0,0
00109019,대구은행,005270,0,0
00231691,판타지오,032800,0,0
01089378,디와이디,219550,0,0
01487446,씨엔알리서치,359090,0,0
00145190,유화증권,003460,0,0
00160205,한국내화,010040,0,0
00628860,네오위즈,095660,0,0
00301112,삼화네트웍스,046390,0,0
00886792,루켄테크놀러지스,162120,0,0
00471068,덕산하이메탈,077360,0,0
00576789,디젠스,113810,0,0
00360674,코위버,056360,0,0
00222435,제이엠아이,033050,0,0
00252269,아이에이,038880,0,0
00133557,PN풍년,024940,0,0
00917861,슈피겐코리아,192440,0,0
00102618,계양전기,012200,0,0
00330044,캠시스,050110,0,0
01393721,포커스에이치엔에스,331380,0,0
00226316,호전실업,111110,0,0
01217014,트윔,290090,0,0
00126308,삼성엔지니어링,028050,0,0
00318662,CNT85,056730,0,0
01073678,얼라인드,238120,0,0
00268011,일레덱스홀딩스,033550,0,0
00129280,삼화전자공업,011230,0,0
01440153,에스에이티이엔지,351320,0,0
00141608,오리엔탈정공,014940,0,0
00365934,코세스,089890,0,0
00130046,다함이텍,009280,0,0
00842619,레고켐바이오,141080,0,0
00130879,서울식품공업,004410,0,0
00404288,아진엑스텍,059120,0,0
00135467,승일,049830,0,0
00809429,한일진공,123840,0,0
00384717,비엘팜텍,065170,0,0
00148531,제이스코홀딩스,023440,0,0
01365825,피에스케이,319660,0,0
00261887,티엘아이,062860,0,0
00541349,셀트리온제약,068760,0,0
00131197,서원,021050,0,0
00203290,한국콜마홀딩스,024720,0,0
00861720,이즈미디어,181340,0,0
01620713,교보12호스팩,421800,0,0
00819374,나무가,190510,0,0
00141404,영풍제지,006740,0,0
01293953,싸이버원,356890,0,0
00225159,SNT홀딩스,036530,0,0
00403766,피피아이,062970,0,0
00108001,남화토건,091590,0,0
00413046,셀트리온,068270,0,0
00180263,리더스코스메틱,016100,0,0
00116268,동성제약,002210,0,0
00260383,대한유화,006650,0,0
01035942,메디안디노스틱,233250,0,0
01301252,티이엠씨,425040,0,0
00579971,칩스앤미디어,094360,0,0
01230255,제주맥주,276730,0,0
01063556,질경이,233990,0,0
00138057,써니전자,004770,0,0
00364847,이글루,067920,0,0
00128607,삼천리자전거,024950,0,0
00883980,아이디스,143160,0,0
00106395,금호전기,001210,0,0
00268251,다산네트웍스,039560,0,0
00104999,윌비스,008600,0,0
00604426,인터로조,119610,0,0
00491053,진바이오텍,086060,0,0
00131939,선도전기,007610,0,0
00129420,까뮤이앤씨,013700,0,0
01072518,디피코,163430,0,0
00186799,태웅,044490,0,0
01102095,쿠첸,225650,0,0
00119672,두올,016740,0,0
00121543,무학,033920,0,0
01491607,오에스피,368970,0,0
00359580,아이디스홀딩스,054800,0,0
00945208,THE MIDONG,161570,0,0
00128546,삼천당제약,000250,0,0
00120030,GS건설,006360,0,0
00145109,유한양행,000100,0,0
00962922,팬젠,222110,0,0
00363927,NE능률,053290,0,0
00201131,아즈텍WB,032080,0,0
00151298,DSR제강,069730,0,0
00528515,한라IMS,092460,0,0
00101488,경동나비엔,009450,0,0
00156442,한국가구,004590,0,0
00925189,신화콘텍,187270,0,0
00120076,LX인터내셔널,001120,0,0
00148504,한국스탠다드차타드은행,000110,0,0
01569102,라이콤,388790,0,0
00132628,성문전자,014910,0,0
01675014,대신밸런스제13호스팩,438220,0,0
00816696,큐엠씨,136660,0,0
00397058,엠게임,058630,0,0
00989619,알테오젠,196170,0,0
01119651,엘리비젼,276240,0,0
00866062,엘티씨,170920,0,0
00111722,미래에셋증권,006800,0,0
00390903,우주일렉트로,065680,0,0
00305297,코텍,052330,0,0
00413523,한미글로벌,053690,0,0
01080252,넥스틴,348210,0,0
00364467,드림어스컴퍼니,060570,0,0
00185222,크린앤사이언스,045520,0,0
00133751,세명전기,017510,0,0
01115044,안지오랩,251280,0,0
00142883,우신시스템,017370,0,0
00191472,KPX케미칼,025000,0,0
00158149,한국쉘석유,002960,0,0
01259056,베스파,299910,0,0
00268118,코맥스,036690,0,0
00122551,백산,035150,0,0
00273439,메디아나,041920,0,0
01188749,지앤이헬스케어,299480,0,0
00161781,아난티,025980,0,0
00632845,노랑풍선,104620,0,0
00612188,에스티오,098660,0,0
00109268,대동스틸,048470,0,0
00142661,우성,006980,0,0
00265041,KCI,036670,0,0
00494476,이녹스,088390,0,0
00136226,신성델타테크,065350,0,0
00164788,현대모비스,012330,0,0
00980122,JB금융지주,175330,0,0
00173698,신일전자,002700,0,0
01516456,인벤티지랩,389470,0,0
00526872,이수앱지스,086890,0,0
00362122,나래나노텍,137080,0,0
00347734,진양화학,051630,0,0
01185566,휴엠앤씨,263920,0,0
01505186,하이딥,365590,0,0
01696451,대신밸런스제14호스팩,442310,0,0
00137012,에스앤더블류,103230,0,0
00487546,웰크론한텍,076080,0,0
00297934,피씨디렉트,051380,0,0
00273110,에스티큐브,052020,0,0
00118275,디아이,003160,0,0
00235183,에이치케이,044780,0,0
00111111,대양금속,009190,0,0
00807397,코이즈,121850,0,0
00220622,서호전기,065710,0,0
01682740,IBKS제21호스팩,442770,0,0
00659684,장원테크,174880,0,0
00137234,모베이스전자,012860,0,0
00127857,삼익악기,002450,0,0
00115384,동방아그로,007590,0,0
00352718,소리바다,053110,0,0
00522007,크리스에프앤씨,110790,0,0
00660750,하나머티리얼즈,166090,0,0
00133876,세보엠이씨,011560,0,0
00162072,한신기계공업,011700,0,0
00227333,네패스,033640,0,0
00665676,아시아경제,127710,0,0
00668600,케이옥션,102370,0,0
00404701,한국자산신탁,123890,0,0
00500254,GS,078930,0,0
00222213,포트로닉스천안,039870,0,0
00113359,교보증권,030610,0,0
01675227,삼성스팩7호,439250,0,0
01624162,삼성스팩6호,425290,0,0
00156488,휴스틸,005010,0,0
00540447,유니테스트,086390,0,0
00453442,해성티피씨,059270,0,0
00347062,현대바이오랜드,052260,0,0
01318933,지니틱스,303030,0,0
00506294,가비아,079940,0,0
01042711,글로벌텍스프리,204620,0,0
01108099,현대코퍼레이션홀딩스,227840,0,0
00230036,드래곤플라이,030350,0,0
00264732,파인디지털,038950,0,0
00838005,서진시스템,178320,0,0
00352499,링네트,042500,0,0
00124197,세아제강지주,003030,0,0
00400121,유아이디,069330,0,0
00210856,코아스,071950,0,0
00879020,유니트론텍,142210,0,0
01568413,F&F,383220,0,0
01113754,오션브릿지,241790,0,0
00455981,에스엔유,080000,0,0
00295547,디지아이,043360,0,0
00447487,제주반도체,080220,0,0
00653194,에이프로젠 H&G,109960,0,0
00186717,태양,053620,0,0
00177816,대주전자재료,078600,0,0
00351807,대원미디어,048910,0,0
01160363,에코프로비엠,247540,0,0
00567222,우림피티에스,101170,0,0
00148461,제일연마,001560,0,0
00669450,바이오프로테크,199290,0,0
00693554,티케이케미칼,104480,0,0
00402110,시큐브,131090,0,0
00147082,재영솔루텍,049630,0,0
00197476,코엔텍,029960,0,0
00249441,씨씨에스,066790,0,0
00486097,나스미디어,089600,0,0
00129679,녹십자,006280,0,0
00642541,디엔에이링크,127120,0,0
00298377,아이씨디,040910,0,0
00118460,태림페이퍼,019300,0,0
00158024,KBI메탈,024840,0,0
00963976,SG,255220,0,0
00317487,티에스넥스젠,043220,0,0
01152586,유일로보틱스,388720,0,0
01326224,원바이오젠,307280,0,0
01391033,NH프라임리츠,338100,0,0
00463342,에스텍파마,041910,0,0
00177199,디씨엠,024090,0,0
00206686,케이피엠테크,042040,0,0
00573269,에스코넥,096630,0,0
00109587,대륙제관,004780,0,0
00161976,한세예스24홀딩스,016450,0,0
01196313,유에스티,263770,0,0
00277736,한일네트웍스,046110,0,0
00447502,바이오톡스텍,086040,0,0
00357360,한세엠케이,069640,0,0
00173591,세원물산,024830,0,0
00206659,이랜텍,054210,0,0
00825223,화신정공,126640,0,0
00149770,중앙에너비스,000440,0,0
01675421,IBKS제20호스팩,439730,0,0
00808086,애니젠,196300,0,0
00136448,신신제약,002800,0,0
00261009,감성코퍼레이션,036620,0,0
01583953,티엘엔지니어링,413300,0,0
00166315,화신,010690,0,0
00493185,제이스텍,090470,0,0
00555740,툴코리아,110660,0,0
00119007,무림P&P,009580,0,0
00117629,동양철관,008970,0,0
01128622,줌인터넷,239340,0,0
00223513,제이씨현시스템,033320,0,0
00188715,현진소재,053660,0,0
01014055,에스트래픽,234300,0,0
00349732,코나아이,052400,0,0
00129013,CJ씨푸드,011150,0,0
00181934,포스코플랜텍,051310,0,0
00435312,하이스틸,071090,0,0
00141529,오뚜기,007310,0,0
00107598,남양유업,003920,0,0
01262458,동아타이어,282690,0,0
00916826,드림씨아이에스,223250,0,0
01187494,덴티스,261200,0,0
00297989,오르비텍,046120,0,0
01388631,오션스톤,329020,0,0
01674538,엔에이치스팩24호,437780,0,0
01507722,켈스,402420,0,0
01142400,이루다,164060,0,0
00415868,펩트론,087010,0,0
00246417,이오테크닉스,039030,0,0
00124726,빙그레,005180,0,0
01238169,오리온,271560,0,0
00105244,알보젠코리아,002250,0,0
00136086,무림페이퍼,009200,0,0
01327746,보로노이,310210,0,0
00161046,한독,002390,0,0
00555874,제주항공,089590,0,0
01117413,바이오다인,314930,0,0
00983040,한진칼,180640,0,0
00595191,후성,093370,0,0
00406727,세진티에스,067770,0,0
00120021,LG,003550,0,0
00201788,제낙스,065620,0,0
00447982,에스지피엠,074000,0,0
00432102,한국금융지주,071050,0,0
00231664,우리기술투자,041190,0,0
00113526,대한항공,003490,0,0
00159740,KISCO홀딩스,001940,0,0
00115065,동남합성,023450,0,0
00921916,석경에이티,357550,0,0
00162832,한일단조,024740,0,0
00109037,대성창투,027830,0,0
00266934,파루,043200,0,0
00818472,이큐셀,160600,0,0
00369657,리노공업,058470,0,0
00351092,삼보모터스,053700,0,0
00763701,헥토파이낸셜,234340,0,0
00101664,경보제약,214390,0,0
00563518,비나텍,126340,0,0
00155692,우리엔터프라이즈,037400,0,0
00170558,코웨이,021240,0,0
00269940,하나투어,039130,0,0
00207375,대한뉴팜,054670,0,0
00250614,삼영엠텍,054540,0,0
01085442,휴벡셀,212310,0,0
00360577,엑사이엔씨,054940,0,0
00129989,코스모신소재,005070,0,0
00397191,팬엔터테인먼트,068050,0,0
00663669,폴라리스우노,114630,0,0
00204262,한글과컴퓨터,030520,0,0
01035678,와이제이엠게임즈,193250,0,0
00296324,큐로홀딩스,051780,0,0
00121969,에쓰씨엔지니어링,023960,0,0
00124090,한국특강,007280,0,0
00111689,대우부품,009320,0,0
00652423,인바이오젠,101140,0,0
00357430,쎌바이오텍,049960,0,0
00139719,와이지-원,019210,0,0
00238153,파세코,037070,0,0
00229021,인성정보,033230,0,0
00258421,기산텔레콤,035460,0,0
01344336,신테카바이오,226330,0,0
01082348,오스테오닉,226400,0,0
01323032,케이카,381970,0,0
01118281,피플바이오,304840,0,0
00148832,제주은행,006220,0,0
00356361,LG화학,051910,0,0
00105873,LG디스플레이,034220,0,0
00120216,KB손해보험,002550,0,0
00547583,하나금융지주,086790,0,0
01236897,제일약품,271980,0,0
00256502,에이텍,045660,0,0
00410915,서울옥션,063170,0,0
00259934,예림당,036000,0,0
00605124,알파홀딩스,117670,0,0
00351375,뉴보텍,060260,0,0
00641393,엔시트론,101400,0,0
00409788,비에이치아이,083650,0,0
01168143,골든센츄리,900280,0,0
00674498,골프존뉴딘홀딩스,121440,0,0
00267906,베뉴지,019010,0,0
01290381,피엔케이피부임상연구센타,347740,0,0
00337296,원포유,122830,0,0
00458234,아시아나IDT,267850,0,0
01576102,미래에셋글로벌리츠,396690,0,0
00120182,NH투자증권,005940,0,0
01535257,엔에이치스팩19호,380440,0,0
01062867,디알텍,214680,0,0
00105271,케이씨씨,002380,0,0
00330424,이베스트투자증권,078020,0,0
00806972,매직마이크로,127160,0,0
00148540,CJ,001040,0,0
00117212,두산,000150,0,0
01663639,유안타제9호스팩,430700,0,0
01368354,네패스아크,330860,0,0
00317681,메타바이오메드,059210,0,0
00216434,체리부로,066360,0,0
00585538,에스에너지,095910,0,0
00359623,우리산업홀딩스,072470,0,0
00614089,에이원알폼,234070,0,0
00238001,블루콤,033560,0,0
00242712,엘컴텍,037950,0,0
00240857,바이오스마트,038460,0,0
00306162,상상인,038540,0,0
00203209,에쎈테크,043340,0,0
01211232,코윈테크,282880,0,0
00127042,삼양통상,002170,0,0
00541163,이엠텍,091120,0,0
00161462,에이티넘인베스트,021080,0,0
01204056,하이브,352820,0,0
00109754,대림비앤코,005750,0,0
00106641,기아,000270,0,0
00152880,코오롱글로벌,003070,0,0
00877059,삼성바이오로직스,207940,0,0
00138260,SIMPAC,009160,0,0
00120526,롯데쇼핑,023530,0,0
00112332,미래에셋생명,085620,0,0
00126566,한화에어로스페이스,012450,0,0
00120562,롯데지주,004990,0,0
01515323,LG에너지솔루션,373220,0,0
00485177,일진파워,094820,0,0
00298447,아모텍,052710,0,0
00261355,레드캡투어,038390,0,0
00310156,셀루메드,049180,0,0
00401731,LG전자,066570,0,0
00164724,현대엘리베이터,017800,0,0
00266961,NAVER,035420,0,0
00423177,텔레칩스,054450,0,0
00123541,보해양조,000890,0,0
00628189,웅진씽크빅,095720,0,0
00164876,케이비증권,003450,0,0
01418260,폭스소프트,354230,0,0
00231442,디지틀조선,033130,0,0
01013311,헥토이노베이션,214180,0,0
00598198,컴퍼니케이,307930,0,0
00249247,YG PLUS,037270,0,0
00173069,아진카인텍,011400,0,0
01035368,티에프이,425420,0,0
00103015,고려제약,014570,0,0
00280688,SBS콘텐츠허브,046140,0,0
00961570,신도기연,290520,0,0
00148364,하림지주,003380,0,0
00910947,바다로19호,155900,0,0
00246620,케이엘넷,039420,0,0
00481454,금호타이어,073240,0,0
00128315,삼지전자,037460,0,0
00521390,뉴파워프라즈마,144960,0,0
00178790,동양이엔피,079960,0,0
01221947,비엔에프코퍼레이션,271780,0,0
00379229,에스에이티,060540,0,0
00273615,비케이탑스,030790,0,0
01428249,케이프이에스제4호기업인수목적,347140,0,0
00923899,참존글로벌,158310,0,0
00159616,두산에너빌리티,034020,0,0
00161426,한미사이언스,008930,0,0
00957373,펨트론,168360,0,0
00611912,아모그린텍,125210,0,0
00997812,코미코,183300,0,0
01042429,액션스퀘어,205500,0,0
01063884,휴센텍,215090,0,0
00695969,동운아나텍,094170,0,0
00139764,에넥스,011090,0,0
00537832,푸른기술,094940,0,0
00140955,한솔케미칼,014680,0,0
00162416,한양증권,001750,0,0
00334624,팍스넷,038160,0,0
00136101,메이슨캐피탈,021880,0,0
00117300,TCC스틸,002710,0,0
01051065,엔비티,236810,0,0
00128926,삼현철강,017480,0,0
00612489,아이쓰리시스템,214430,0,0
00127954,CJ프레시웨이,051500,0,0
01105621,엔투텍,227950,0,0
01065013,우정바이오,215380,0,0
00140052,에이스침대,003800,0,0
00610861,코스텍시스템,169670,0,0
00128227,삼정펄프,009770,0,0
00367455,현우산업,092300,0,0
00673301,전우정밀,120780,0,0
01345724,타임기술,318660,0,0
00165361,휴코드홀딩스,036840,0,0
00620558,에이비프로바이오,195990,0,0
00141671,오리콤,010470,0,0
00105606,금호에이치티,214330,0,0
00121154,엠에스씨,009780,0,0
00133618,세기상사,002420,0,0
00141273,웰바이오텍,010600,0,0
00137359,신풍제약,019170,0,0
01142075,핑거,163730,0,0
00201742,유라테크,048430,0,0
01046391,싸이토젠,217330,0,0
00385363,빅텍,065450,0,0
00359261,빛샘전자,072950,0,0
00541862,판도라티비,202960,0,0
00311216,에이치엔에스하이텍,044990,0,0
00958664,신스틸,162300,0,0
01466832,라피치,403360,0,0
00360595,현대글로비스,086280,0,0
00536329,노블엠앤비,106520,0,0
01689336,비엔케이제1호스팩,445360,0,0
00133812,세방,004360,0,0
00666064,셀바스AI,108860,0,0
00820352,파인텍,131760,0,0
00991298,씨이랩,189330,0,0
00362292,씨티씨바이오,060590,0,0
00608839,에이루트,096690,0,0
01018802,엔솔바이오사이언스,140610,0,0
00540571,엘디티,096870,0,0
00190756,와이엔텍,067900,0,0
00202839,한창산업,079170,0,0
00367871,인바이오,352940,0,0
00540863,GST,083450,0,0
01051092,피씨엘,241820,0,0
00123772,부국증권,001270,0,0
01267550,나라소프트,288490,0,0
00537337,앤씨앤,092600,0,0
00486875,우양,103840,0,0
00127167,삼영무역,002810,0,0
00400060,이씨에스,067010,0,0
00104388,국도화학,007690,0,0
00370200,와이오엠,066430,0,0
00261443,엔씨소프트,036570,0,0
01153105,비비씨,318410,0,0
00158112,한국수출포장공업,002200,0,0
01472930,오브젠,417860,0,0
00132725,성보화학,003080,0,0
01150515,대명에너지,389260,0,0
00540605,이월드,084680,0,0
01397620,루닛,328130,0,0
01037214,케이피에스,256940,0,0
00815767,위메이드플레이,123420,0,0
00599106,네오리진,094860,0,0
00137252,사조동아원,008040,0,0
00139083,아진산업,013310,0,0
00961507,케일럼,258610,0,0
00163196,한일철강,002220,0,0
00216647,원익홀딩스,030530,0,0
00108135,녹십자홀딩스,005250,0,0
00109718,사조대림,003960,0,0
01658266,하나금융24호스팩,430230,0,0
00349060,한스바이오메드,042520,0,0
00994994,나노,187790,0,0
00113261,대한광통신,010170,0,0
00977696,넥스쳐,194510,0,0
00137368,신풍,002870,0,0
00519252,THE E&M,089230,0,0
01226410,씨앤씨인터내셔널,352480,0,0
01053540,퓨쳐켐,220100,0,0
00201733,TJ미디어,032540,0,0
01604371,상상인제3호스팩,415580,0,0
00415646,드림텍,192650,0,0
00100939,강남제비스코,000860,0,0
01139035,티에스아이,277880,0,0
00986898,팜스빌,318010,0,0
01047451,셀바스헬스케어,208370,0,0
01179617,한국비엔씨,256840,0,0
00569646,영우디에스피,143540,0,0
00423690,삼성출판사,068290,0,0
00152260,카스,016920,0,0
00362238,휴비스,079980,0,0
00172680,동국산업,005160,0,0
00126380,삼성전자,005930,0,0
00398668,휴비츠,065510,0,0
01020524,자이글,234920,0,0
00492353,파이오링크,170790,0,0
00533924,이브이첨단소재,131400,0,0
00531078,유비온,084440,0,0
00694942,이미지스,115610,0,0
00971726,옵티팜,153710,0,0
00340272,에스폴리텍,050760,0,0
00145437,아센디오,012170,0,0
00171636,한솔홀딩스,004150,0,0
00150828,진흥기업,002780,0,0
00113234,대한제당,001790,0,0
01214248,뉴트리,270870,0,0
01405451,알체라,347860,0,0
01067516,골프존,215000,0,0
00692254,아이패밀리에스씨,114840,0,0
00867849,오파스넷,173130,0,0
00137207,유니켐,011330,0,0
00152039,SG글로벌,001380,0,0
00587466,KPX홀딩스,092230,0,0
00113243,대한제분,001130,0,0
01158553,켄코아에어로스페이스,274090,0,0
00926522,테고사이언스,191420,0,0
00144650,유신,054930,0,0
00141413,영화금속,012280,0,0
00355089,토탈소프트,045340,0,0
00684732,풀무원식품,103160,0,0
00535375,키네마스터,139670,0,0
00288343,삼영이엔씨,065570,0,0
00993931,동양파일,228340,0,0
00115287,동방,004140,0,0
01128613,화승엔터프라이즈,241590,0,0
00166227,화승인더스트리,006060,0,0
01071041,CJ 바이오사이언스,311690,0,0
00557933,진도,088790,0,0
00102760,두산건설,011160,0,0
00606770,참좋은여행,094850,0,0
00442835,메타랩스,090370,0,0
00796994,조선선재,120030,0,0
00101257,경남기업,000800,0,0
00146427,엔터파트너즈,058450,0,0
00353878,다스코,058730,0,0
01210190,모비릭스,348030,0,0
00872984,이마트,139480,0,0
00957735,클리오,237880,0,0
00260611,웰킵스하이텍,043590,0,0
01724417,하나29호스팩,454640,0,0
00583026,율호,072770,0,0
00158325,NICE평가정보,030190,0,0
00654175,피엠티,147760,0,0
01182550,EDGC,245620,0,0
01583652,모니터랩,434480,0,0
00255105,케이바이오,038530,0,0
00215976,MIT,038340,0,0
00302078,엠피씨플러스,050540,0,0
00599489,청광건설,140290,0,0
01375822,에이프릴바이오,397030,0,0
00534701,세아메카닉스,396300,0,0
00819073,인크로스,216050,0,0
00122579,BYC,001460,0,0
01498974,큐리옥스바이오시스템즈,445680,0,0
00959210,코츠테크놀로지,448710,0,0
01766167,KB제26호스팩,458320,0,0
01343735,데이드림엔터테인먼트,348840,0,0
00108746,KIB플러그에너지,015590,0,0
00645089,NHN벅스,104200,0,0
01251577,휴네시온,290270,0,0
01367586,제이아이테크,417500,0,0
01366000,태성,323280,0,0
01165739,잉글우드랩,950140,0,0
01112889,피엔에이치테크,239890,0,0
01573381,레이저쎌,412350,0,0
00587925,비엘,142760,0,0
00815369,에스제이엠,123700,0,0
01110474,에스씨엠생명과학,298060,0,0
01724338,하나28호스팩,454750,0,0
00135111,수산중공업,017550,0,0
00301246,SFA반도체,036540,0,0
00161125,한온시스템,018880,0,0
00356802,큐렉소,060280,0,0
01506990,옵티코어,380540,0,0
00220109,솔고바이오,043100,0,0
00389998,이엔코퍼레이션,066980,0,0
01099861,에이텍모빌리티,224110,0,0
01702424,미래에셋비전스팩3호,448830,0,0
00156354,지엠비코리아,013870,0,0
00551920,네오팜,092730,0,0
00195229,휠라홀딩스,081660,0,0
01488320,필에너지,378340,0,0
00161693,한샘,009240,0,0
00197759,미래산업,025560,0,0
00400857,에이블씨엔씨,078520,0,0
01011438,에이치엘사이언스,239610,0,0
00264255,바텍,043150,0,0
00670085,엘아이에스,138690,0,0
00194947,한전산업,130660,0,0
00992543,삼양옵틱스,225190,0,0
00911955,잇츠한불,226320,0,0
01744703,SK증권제10호스팩,457940,0,0
00223762,지니뮤직,043610,0,0
00495554,연이비앤티,090740,0,0
01712616,엔에이치스팩29호,451700,0,0
01724709,KB제25호스팩,455250,0,0
00149293,신한은행,000010,0,0
00129642,상신브레이크,041650,0,0
00814786,초록뱀이앤엠,131100,0,0
00152385,에이프로젠,007460,0,0
00180865,에스유홀딩스,031860,0,0
00606664,케이엔더블유,105330,0,0
00682992,우리벤처파트너스,298870,0,0
00104102,우리종합금융,010050,0,0
01025644,강스템바이오텍,217730,0,0
01335790,바이젠셀,308080,0,0
00112819,데코앤에프,017680,0,0
01447217,에이치엠씨아이비제4호기업인수목적,353070,0,0
00299358,트레스,102210,0,0
01236532,와이즈버즈,273060,0,0
00105280,현대지에프홀딩스,005440,0,0
00545734,아미코젠,092040,0,0
01110182,이노테라피,246960,0,0
01683387,미래에셋드림스팩1호,442900,0,0
00134477,SNT다이내믹스,003570,0,0
00160375,진양폴리우레탄,010640,0,0
00124504,포스코인터내셔널,047050,0,0
01316254,효성첨단소재,298050,0,0
01428203,케이씨씨글라스,344820,0,0
00114808,동국제약,086450,0,0
00765897,한국피아이엠,448900,0,0
00138279,S-Oil,010950,0,0
00160418,한국무브넥스,010100,0,0
00554352,아이큐어,175250,0,0
00159193,한국전력공사,015760,0,0
01217865,프롬바이오,377220,0,0
01063954,수젠텍,253840,0,0
01568875,하나금융19호기업인수목적,388220,0,0
01146220,팸텍,271830,0,0
00145552,이수화학,005950,0,0
00304076,케이엔솔,053080,0,0
00167031,흥국,010240,0,0
00111838,대원,007680,0,0
00449379,도이치모터스,067990,0,0
00116949,DN오토모티브,007340,0,0
00239514,삼진엘앤디,054090,0,0
00269241,주연테크,044380,0,0
00958327,지앤비에스 에코,382800,0,0
01031229,지티지웰니스,219750,0,0
01163050,다이오진,271850,0,0
01259418,대보마그네틱,290670,0,0
00580056,스맥,099440,0,0
00260356,산은캐피탈,008270,0,0
00604268,에이프로,262260,0,0
01712485,코오롱모빌리티그룹,450140,0,0
00225742,LS마린솔루션,060370,0,0
01326792,비투엔,307870,0,0
01761296,한국제12호스팩,458610,0,0
01751448,대신밸런스제15호스팩,457390,0,0
00239639,삼표시멘트,038500,0,0
00426068,아이에스이커머스,069920,0,0
00611736,엑시콘,092870,0,0
01130885,바이오인프라생명과학,266470,0,0
00206084,세아메탈,033020,0,0
00120924,매일홀딩스,005990,0,0
00181943,에스제이엠홀딩스,025530,0,0
00619640,에코앤드림,101360,0,0
00111704,한화오션,042660,0,0
00302582,캐스텍코리아,071850,0,0
00166333,화신테크,086250,0,0
00770312,마니커에프앤지,195500,0,0
00104519,국보,001140,0,0
00295857,코다코,046070,0,0
01047707,바이오로그디바이스,208710,0,0
01227039,브릿지바이오,288330,0,0
00131780,SK네트웍스,001740,0,0
01082418,SAMG엔터,419530,0,0
00302236,태양3C,052960,0,0
00530413,더코디,224060,0,0
00163682,메리츠증권,008560,0,0
01328639,윙입푸드,900340,0,0
00191287,대동금속,020400,0,0
00349811,씨티프라퍼티,052300,0,0
01725160,한화플러스제4호스팩,455310,0,0
01605529,버넥트,438700,0,0
01144028,씨티케이,260930,0,0
01049167,미코바이오메드,214610,0,0
00136642,엠벤처투자,019590,0,0
01034730,크로넥스,215570,0,0
01195828,대원모방,311840,0,0
01580178,대신밸런스제11호기업인수목적,397500,0,0
01705777,엔에이치스팩28호,450410,0,0
00163716,한창,005110,0,0
00327396,옵트론텍,082210,0,0
01504910,유안타제8호기업인수목적,367480,0,0
00495633,율촌,146060,0,0
00114765,케이비아이동국실업,001620,0,0
01068737,에이치피오,357230,0,0
01524118,나노팀,417010,0,0
00141875,사조오양,006090,0,0
00112004,알바이오,003190,0,0
00537221,인바이츠바이오코아,216400,0,0
00508344,SK디앤디,210980,0,0
00175173,오스템,031510,0,0
00689418,지유온,111820,0,0
01368637,유일에너테크,340930,0,0
00896753,스킨앤스킨,159910,0,0
00108038,엔피씨,004250,0,0
00138303,쌍용정보통신,010280,0,0
00791209,에스메디,118000,0,0
00155586,HLB이노베이션,024850,0,0
00585608,커넥트웨이브,119860,0,0
00620868,아이티센,124500,0,0
00108490,엔피케이,048830,0,0
01018617,메디쎄이,200580,0,0
00892526,디케이앤디,263020,0,0
00138321,신한투자증권,008670,0,0
00479705,케스피온,079190,0,0
00148984,시알홀딩스,000480,0,0
01036367,스피어파워,203690,0,0
01297898,마음AI,377480,0,0
01281541,에피바이오텍,446440,0,0
01514698,하인크코리아,373200,0,0
00763358,스마트솔루션즈,136510,0,0
01042085,엑셈,205100,0,0
01275665,리메드,302550,0,0
01414422,아이비김영,339950,0,0
01770203,조선내화,462520,0,0
00466428,아미노로직스,074430,0,0
00567897,에스비비테크,389500,0,0
00120289,제이에스티나,026040,0,0
01258020,에스바이오메딕스,304360,0,0
00407814,CG인바이츠,083790,0,0
00807555,메가엠디,133750,0,0
01284751,시지트로닉스,429270,0,0
00100601,강원에너지,114190,0,0
01305249,스톤브릿지벤처스,330730,0,0
01717170,상상인제4호스팩,452670,0,0
00494218,엘엠에스,073110,0,0
00527011,LB루셈,376190,0,0
00652159,코오롱머티리얼,144620,0,0
01136348,나무기술,242040,0,0
00408956,제넨바이오,072520,0,0
01228515,지오릿에너지,270520,0,0
00610490,비디아이,148140,0,0
00441447,케이씨티,089150,0,0
01207761,에이치앤비디자인,227100,0,0
01497142,엠아이큐브솔루션,373170,0,0
01276327,위지윅스튜디오,299900,0,0
01292291,파두,440110,0,0
00244419,디에스티,033430,0,0
00125974,삼부토건,001470,0,0
00425351,멀티캠퍼스,067280,0,0
01567520,대신밸런스제10호기업인수목적,387310,0,0
01372782,엑스게이트,356680,0,0
00217743,화성밸브,039610,0,0
00109514,티웨이홀딩스,004870,0,0
00126955,삼양식품,003230,0,0
00341916,오스템임플란트,048260,0,0
00828497,한미약품,128940,0,0
00427483,대웅제약,069620,0,0
00263140,휴스토리,046400,0,0
01494154,지니너스,389030,0,0
00243988,에스케이브로드밴드,033630,0,0
01021639,나라셀라,405920,0,0
00173661,에스지신성건설,001970,0,0
00112378,KR모터스,000040,0,0
00103547,우진비앤지,018620,0,0
00113997,롯데에너지머티리얼즈,020150,0,0
00144012,원풍,008370,0,0
00173032,동화기업,025900,0,0
00185046,SM C&C,048550,0,0
00480455,STX엔진,077970,0,0
00228350,신화인터텍,056700,0,0
00589127,KEC,092220,0,0
00291860,조광ILI,044060,0,0
00123143,보령,003850,0,0
00346911,아이톡시,052770,0,0
01144569,명성티엔에스,257370,0,0
00428729,대호에이엘,069460,0,0
00520610,씨큐브,101240,0,0
00706715,미원홀딩스,107590,0,0
00299464,초록뱀미디어,047820,0,0
00361594,DMS,068790,0,0
01596425,SK스퀘어,402340,0,0
00363592,한컴위드,054920,0,0
00370006,iMBC,052220,0,0
00523176,비엘헬스케어,086220,0,0
00384948,대유,290380,0,0
00876209,미래엔에듀파트너,208890,0,0
00410997,누리플랜,069140,0,0
01116344,이비테크,208850,0,0
00476498,컴투스,078340,0,0
00488402,서울바이오시스,092190,0,0
00492894,젬백스,082270,0,0
00535481,에스와이,109610,0,0
00536541,에코프로,086520,0,0
00541437,코렌텍,104540,0,0
00916516,흥국에프엔비,189980,0,0
00220613,넥스틸,092790,0,0
00995993,DXVX,180400,0,0
00367695,DGP,060900,0,0
01335453,오하임앤컴퍼니,309930,0,0
00787057,휴맥스,115160,0,0
01181807,까스텔바작,308100,0,0
01276901,엔피,291230,0,0
01358463,현대무벡스,319400,0,0
01534577,청담글로벌,362320,0,0
01616482,신한제10호스팩,418210,0,0
00755739,파인테크닉스,106240,0,0
00936787,애경케미칼,161000,0,0
00204208,마니커,027740,0,0
00205687,더라미,032860,0,0
01784394,STX그린로지스,465770,0,0
01047169,지란지교시큐리티,208350,0,0
00855163,미원화학,134380,0,0
00128111,포스코엠텍,009520,0,0
00788737,이퓨쳐,134060,0,0
00584362,케이엑스넥스지,081970,0,0
01023822,메디젠휴먼케어,236340,0,0
00169048,HLB글로벌,003580,0,0
00122205,바른손,018700,0,0
00372688,티사이언티픽,057680,0,0
00608699,탑코미디어,134580,0,0
01585155,오픈놀,440320,0,0
00229030,알멕,354320,0,0
00125521,에스엘,005850,0,0
01363818,롯데리츠,330590,0,0
01109937,티앤알바이오팹,246710,0,0
00351454,엑서지21,043090,0,0
00965512,라온텍,418420,0,0
01199550,HD현대에너지솔루션,322000,0,0
01390344,HD현대중공업,329180,0,0
00441304,가온그룹,078890,0,0
00619507,와이씨켐,112290,0,0
00115612,동부건설,005960,0,0
00109310,대동기어,008830,0,0
00120571,롯데칠성음료,005300,0,0
00150536,진양제약,007370,0,0
00135917,한화손해보험,000370,0,0
00472890,동국알앤에스,075970,0,0
00156691,한국공항,005430,0,0
00664853,제이씨케미칼,137950,0,0
00191588,삼원강재,023000,0,0
00820389,뉴지랩파마,214870,0,0
01060814,삼양패키징,272550,0,0
01205851,HD현대일렉트릭,267260,0,0
00103635,광림,014200,0,0
00548519,큐러블,086460,0,0
00675594,디티앤씨,187220,0,0
00957568,에스엘에너지,214310,0,0
01576713,엔에이치기업인수목적22호,396770,0,0
01012640,슈어소프트테크,298830,0,0
00965318,이노시뮬레이션,274400,0,0
01760640,교보14호스팩,456490,0,0
00552859,HLB테라퓨틱스,115450,0,0
00261373,마크로젠,038290,0,0
00456218,모두투어,080160,0,0
01579020,아이엠지티,456570,0,0
01593668,센서뷰,321370,0,0
00813389,베셀,177350,0,0
00857480,사람인,143240,0,0
01332137,노보믹스,283100,0,0
00480367,SK오션플랜트,100090,0,0
00127255,삼영,003720,0,0
00146542,일정실업,008500,0,0
01186404,디앤씨미디어,263720,0,0
01508855,블리츠웨이,369370,0,0
00531917,톱텍,108230,0,0
00596677,매커스,093520,0,0
01406265,와이랩,432430,0,0
00390860,DSEN,065150,0,0
01450105,미래에셋대우기업인수목적5호,353490,0,0
01134216,트루엔,417790,0,0
01693922,키움제8호스팩,446840,0,0
00115676,KG스틸,016380,0,0
01110076,에이트원,230980,0,0
00357740,NHN KCP,060250,0,0
00923826,일월지엠엘,178780,0,0
01631658,대신밸런스제12호기업인수목적,426670,0,0
01288410,셀바이오휴먼텍,318160,0,0
01136977,마녀공장,439090,0,0
00114792,동국홀딩스,001230,0,0
00440712,리튬포어스,073570,0,0
00132211,SUN&L,002820,0,0
00535746,컴투스홀딩스,063080,0,0
01267958,프로테옴텍,303360,0,0
01030132,경남은행,192520,0,0
01215618,와이엠텍,273640,0,0
00369569,비케이홀딩스,050090,0,0
00108241,농심,004370,0,0
00105466,KCC건설,021320,0,0
00114552,도화엔지니어링,002150,0,0
00158015,한국선재,025550,0,0
00116301,NI스틸,008260,0,0
00163318,모헨즈,006920,0,0
00117179,디와이,013570,0,0
00177320,대성미생물,036480,0,0
00121570,문배철강,008420,0,0
00188973,화일약품,061250,0,0
00198192,한국팩키지,037230,0,0
00361381,제이브이엠,054950,0,0
00142865,WISCOM,024070,0,0
00490151,파트론,091700,0,0
00155212,포스코DX,022100,0,0
00536888,케이알엠,093640,0,0
01336735,펨토바이오메드,327610,0,0
00359474,제이웨이,058420,0,0
01109070,비피도,238200,0,0
00231105,동성화인텍,033500,0,0
00406037,CSA 코스믹,083660,0,0
00670766,엠투아이,347890,0,0
00867034,듀켐바이오,176750,0,0
00142713,형지I&C,011080,0,0
00353018,파나케이아,058530,0,0
00885906,에이치와이티씨,148930,0,0
00918222,엘앤케이바이오,156100,0,0
01738483,대신밸런스제16호스팩,457630,0,0
00143651,웅진,016880,0,0
00563837,제로투세븐,159580,0,0
00156859,다올투자증권,030210,0,0
00778235,TS인베스트먼트,246690,0,0
00159573,한국주철관공업,000970,0,0
00990819,래몽래인,200350,0,0
00160232,KSS해운,044450,0,0
01207716,앱코,129890,0,0
00172228,엔케이,085310,0,0
01447244,에이치엠씨제5호스팩,353060,0,0
00759513,LX하우시스,108670,0,0
00852087,시디즈,134790,0,0
01042775,HL만도,204320,0,0
01350869,우리금융지주,316140,0,0
01669226,한화리츠,451800,0,0
00151128,모토닉,009680,0,0
00204642,티비씨,033830,0,0
00163512,한진,002320,0,0
01493535,모비데이즈,363260,0,0
00180795,인팩,023810,0,0
00450010,씨티알모빌리티,308170,0,0
00136271,신성이엔지,011930,0,0
00110884,엠젠솔루션,032790,0,0
00165413,롯데케미칼,011170,0,0
00403632,현대퓨처넷,126560,0,0
00524786,비엠티,086670,0,0
00646732,진양홀딩스,100250,0,0
01335578,애니플러스,310200,0,0
00904672,넷마블,251270,0,0
00125664,삼미금속,012210,0,0
00609315,멜파스,096640,0,0
01680131,아이오바이오,447690,0,0
00564562,엠씨넥스,097520,0,0
00159810,카프로,006380,0,0
01622720,KB스타리츠,432320,0,0
00874797,길교이앤씨,456700,0,0
00907013,한국ANKOR유전,152550,0,0
00960641,한국패러랠,168490,0,0
01436479,토마토시스템,393210,0,0
00105040,뉴인텍,012340,0,0
00130587,서울전자통신,027040,0,0
00118044,동원수산,030720,0,0
00147772,정원엔시스,045510,0,0
00149266,CNH,023460,0,0
00152437,케이프,064820,0,0
00204226,소프트센,032680,0,0
01205709,HD현대,267250,0,0
00226547,오상자이엘,053980,0,0
00243067,부방,014470,0,0
00157399,한솔테크닉스,004710,0,0
00145446,이건산업,008250,0,0
00148896,OCI홀딩스,010060,0,0
00184889,이건홀딩스,039020,0,0
00151863,청호ICT,012600,0,0
00348292,한빛소프트,047080,0,0
00373021,테라사이언스,073640,0,0
00115977,아이에스동서,010780,0,0
00942131,앤디포스,238090,0,0
00115694,DB금융투자,016610,0,0
01700374,하나27호스팩,448370,0,0
01701328,IBKS제22호스팩,448760,0,0
00578130,아퓨어스,149300,0,0
00261054,EG,037370,0,0
00978075,렌딩머신,179720,0,0
00264671,세중,039310,0,0
01060735,로지스몬,223220,0,0
00356389,프럼파스트,035200,0,0
01118139,타스컴,336040,0,0
00365590,HLB생명과학,067630,0,0
01190780,파워풀엑스,266870,0,0
00366137,KG ETS,151860,0,0
00657756,무송지오씨,135160,0,0
00418379,자연과환경,043910,0,0
00458562,에이티세미콘,089530,0,0
00475718,이엠앤아이,083470,0,0
00501970,코드네이처,078940,0,0
00526951,이엠코리아,095190,0,0
00572905,ISC,095340,0,0
01760738,OCI,456040,0,0
01397903,엔젠바이오,354200,0,0
01033591,큐알티,405100,0,0
00156600,한주라이트메탈,198940,0,0
00309503,한국항공우주,047810,0,0
00615723,아이윈플러스,123010,0,0
00190321,케이티,030200,0,0
00230814,휴림에이텍,078590,0,0
01596665,한국제10호기업인수목적,409570,0,0
01514005,크라우드웍스,355390,0,0
01068658,디딤이앤에프,217620,0,0
00627029,ITX-AI,099520,0,0
00652007,메카로,241770,0,0
00769158,케이엔제이,272110,0,0
00808068,협진,138360,0,0
00874803,AP위성,211270,0,0
00925374,윤성에프앤씨,372170,0,0
01108248,지노믹트리,228760,0,0
01175499,위니아에이드,377460,0,0
01307335,공구우먼,366030,0,0
01407158,모코엠시스,333050,0,0
00102113,경인양행,012610,0,0
00532059,그린생명과학,114450,0,0
00132868,성안,011300,0,0
00596260,투비소프트,079970,0,0
00219574,코스맥스비티아이,044820,0,0
01229240,가이아코퍼레이션,296520,0,0
00105855,엘에스일렉트릭,010120,0,0
00166175,대호특수강,021040,0,0
00145598,이연제약,102460,0,0
00971090,어스앤에어로스페이스,263540,0,0
01075126,커머스마이너,223310,0,0
01696275,하나26호스팩,446750,0,0
00412348,LB세미콘,061970,0,0
00172079,HLB파나진,046210,0,0
01043853,베노티앤알,206400,0,0
01009789,코스맥스,192820,0,0
00442154,제이엔케이히터,126880,0,0
00591441,어보브반도체,102120,0,0
00453284,교촌에프앤비,339770,0,0
00410739,피에이치씨,057880,0,0
00547510,툴젠,199800,0,0
01168684,스튜디오드래곤,253450,0,0
01182444,셀리버리,268600,0,0
00243979,수성샐바시온,084180,0,0
00140168,HS애드,035000,0,0
00156150,하이트론씨스템즈,019490,0,0
00109693,DL,000210,0,0
00415327,중앙백신,072020,0,0
00127699,유네코,064510,0,0
00110431,JW신약,067290,0,0
00149947,JW중외제약,001060,0,0
00632304,JW홀딩스,096760,0,0
00112457,대주산업,003310,0,0
00516246,알에프세미,096610,0,0
01513699,포바이포,389140,0,0
00126201,삼성공조,006660,0,0
00760999,상신전자,263810,0,0
01359815,윈텍,320000,0,0
00271501,코아시아,045970,0,0
00660121,디에이테크놀로지,196490,0,0
01031502,코아시아씨엠,196450,0,0
01041828,JTC,950170,0,0
01116502,와이더플래닛,321820,0,0
01113499,시큐센,232830,0,0
00133858,세방전지,004490,0,0
00359395,헬릭스미스,084990,0,0
00150439,진양산업,003780,0,0
00159786,유니드,014830,0,0
01690235,유안타제12호스팩,446150,0,0
00138206,쌍용건설,012650,0,0
00406392,엔에스쇼핑,138250,0,0
01276026,지놈앤컴퍼니,314130,0,0
00816933,진영,285800,0,0
00249502,골드앤에스,035290,0,0
00118026,동원산업,006040,0,0
01705625,하이제8호스팩,450050,0,0
00642897,브레인즈컴퍼니,099390,0,0
00147860,에스엠벡셀,010580,0,0
00525882,크레버스,096240,0,0
01702017,유니드비티플러스,446070,0,0
00533191,비보존 제약,082800,0,0
00556907,에이스테크,088800,0,0
00605328,씨앤지하이테크,264660,0,0
00605522,소룩스,290690,0,0
00913689,세경하이테크,148150,0,0
01080687,아우딘퓨쳐스,227610,0,0
00101044,에이프로젠바이오로직스,003060,0,0
00104810,대명소노시즌,007720,0,0
00146214,일성신약,003120,0,0
00303794,쇼박스,086980,0,0
01237434,플리토,300080,0,0
01290132,에이아이더뉴트리진,311960,0,0
01688346,유안타제11호스팩,444920,0,0
00144818,유유제약,000220,0,0
00162461,한화솔루션,009830,0,0
01573284,코닉오토메이션,391710,0,0
01419384,하나금융16호기업인수목적,343510,0,0
01700921,삼성스팩8호,448740,0,0
00146436,엔브이에이치코리아,067570,0,0
00160588,한화,000880,0,0
00531865,유니테크노,241690,0,0
00623184,휴림네트웍스,192410,0,0
01762569,이수스페셜티케미컬,457190,0,0
00114154,덕양산업,024900,0,0
00374738,위세아이텍,065370,0,0
01731453,DB금융스팩11호,456440,0,0
00115931,디오,039840,0,0
00122694,범양건영,002410,0,0
00158307,롯데하이마트,071840,0,0
00141556,오로라,039830,0,0
00469799,이엔플러스,074610,0,0
00370255,테크엘,064520,0,0
00544452,이리츠코크렙,088260,0,0
00405719,아이크래프트,052460,0,0
01386916,SK아이이테크놀로지,361610,0,0
00455875,와토스코리아,079000,0,0
00602279,그린플러스,186230,0,0
00624749,에스피시스템스,317830,0,0
01222867,제테마,216080,0,0
01343665,RF머트리얼즈,327260,0,0
00154426,아이에이치큐,003560,0,0
00110750,리더스 기술투자,019570,0,0
00561866,락앤락,115390,0,0
00326731,바이오니아,064550,0,0
01357765,큐라티스,348080,0,0
00990563,피엔아이컴퍼니,242350,0,0
01514528,신한제7호기업인수목적,366330,0,0
01512575,코어라인소프트,384470,0,0
00305570,서울리거,043710,0,0
00102858,고려아연,010130,0,0
00232089,바이온,032980,0,0
00126478,삼성중공업,010140,0,0
01042979,휴마시스,205470,0,0
00145862,인천도시가스,034590,0,0
00149655,삼성물산,028260,0,0
00154462,아모레퍼시픽그룹,002790,0,0
00583424,아모레퍼시픽,090430,0,0
00858364,BNK금융지주,138930,0,0
00124780,사조씨푸드,014710,0,0
00193009,KH 필룩스,033180,0,0
00956930,동아에스티,170900,0,0
00480950,이아이디,093230,0,0
00205003,좋은사람들,033340,0,0
00276083,스카이문스테크놀로지,033790,0,0
00336817,HLB제약,047920,0,0
00356839,메디콕스,054180,0,0
00480756,이트론,096040,0,0
00989664,코아스템켐온,166480,0,0
01318261,더블유에스아이,299170,0,0
00550082,빅텐츠,210120,0,0
01765265,동국제강,460860,0,0
00108065,쎌마테라퓨틱스,015540,0,0
00475976,인콘,083640,0,0
00426086,티케이지휴켐스,069260,0,0
00303192,디에이피,066900,0,0
00445841,MDS테크,086960,0,0
00102432,계룡건설산업,013580,0,0
00165103,푸드웰,005670,0,0
00146454,일양약품,007570,0,0
00117276,네이처셀,007390,0,0
00164618,카나리아바이오,016790,0,0
01688896,삼성FN리츠,448730,0,0
00103510,인지컨트롤스,023800,0,0
00265324,CJ ENM,035760,0,0
00268002,세종텔레콤,036630,0,0
00121932,미원상사,002840,0,0
00362858,예스24,053280,0,0
00126414,삼성제약,001360,0,0
00525642,코오롱생명과학,102940,0,0
00134510,세종공업,033530,0,0
00617998,폴라리스세원,234100,0,0
00219486,신세계I&C,035510,0,0
00869272,서전기전,189860,0,0
00241005,코오롱플라스틱,138490,0,0
01010642,지씨셀,144510,0,0
00299002,HL홀딩스,060980,0,0
01078178,RFHIC,218410,0,0
00356370,LG생활건강,051900,0,0
00377610,세아홀딩스,058650,0,0
00353762,키이스트,054780,0,0
01016479,오로스테크놀로지,322310,0,0
01101722,한송네오텍,226440,0,0
01110058,바이오인프라,199730,0,0
00795135,코오롱인더,120110,0,0
01201970,클리노믹스,352770,0,0
00878696,에스케이바이오팜,326030,0,0
01267602,제이시스메디칼,287410,0,0
00231901,LB인베스트먼트,309960,0,0
01267170,SK케미칼,285130,0,0
01413371,HLB사이언스,343090,0,0
01328170,노드메이슨,317860,0,0
01016886,테크엔,308700,0,0
01365038,자람테크놀로지,389020,0,0
01231786,엑스페릭스,317770,0,0
01505450,디비금융제8호기업인수목적,367340,0,0
00470829,한솔인티큐브,070590,0,0
00788773,씨젠,096530,0,0
00612294,피엔티,137400,0,0
01667592,키움제7호스팩,433530,0,0
00264547,KG이니시스,035600,0,0
00104768,가온전선,000500,0,0
00405278,KG모빌리언스,046440,0,0
00118266,DRB동일,004840,0,0
00122472,백광산업,001340,0,0
00659161,싸이맥스,160980,0,0
00161116,HL D&I,014790,0,0
00217947,신세계건설,034300,0,0
00876166,KBG,318000,0,0
00234412,신세계인터내셔날,031430,0,0
01179608,포인트엔지니어링,256630,0,0
00382199,신한지주,055550,0,0
00595182,아톤,158430,0,0
00626464,지엔씨에너지,119850,0,0
00656289,코스맥스엔비티,222040,0,0
00661157,인트로메딕,150840,0,0
00962393,포인트모바일,318020,0,0
00977641,하이로닉,149980,0,0
01090471,씨아이에스,222080,0,0
01110678,유틸렉스,263050,0,0
01137903,디케이티,290550,0,0
01234507,매일유업,267980,0,0
01274310,이오플로우,294090,0,0
01310773,엔시스,333620,0,0
01442115,소마젠,950200,0,0
01476219,코스텍시스,355150,0,0
01480568,이지바이오,353810,0,0
01575839,플라즈맵,405000,0,0
01335930,티움바이오,321550,0,0
00105961,LG이노텍,011070,0,0
00390408,웨스트라이즈,064090,0,0
01147487,뷰티스킨,406820,0,0
00153621,참엔지니어링,009310,0,0
00144021,원풍물산,008290,0,0
00173449,블레이드 Ent,044480,0,0
01065679,이노인스트루먼트,215790,0,0
00493325,에이엘티,172670,0,0
01706819,유안타제14호스팩,450940,0,0
01495180,파로스아이바이오,388870,0,0
00150165,브이티,018290,0,0
00976615,틸론,217880,0,0
00201432,비츠로시스,054220,0,0
00542898,하이소닉,106080,0,0
00477257,지나인제약,078650,0,0
01725577,SK증권제9호스팩,455910,0,0
01113718,올릭스,226950,0,0
00390514,이루온,065440,0,0
00165060,하이록코리아,013030,0,0
00390055,종근당바이오,063160,0,0
00545716,롯데렌탈,089860,0,0
00767460,PI첨단소재,178920,0,0
00972503,일진하이솔루스,271940,0,0
01093007,LS전선아시아,229640,0,0
01011872,엔에스엠,238170,0,0
00113207,대한전선,001440,0,0
00134176,세우글로벌,013000,0,0
01047415,정다운,208140,0,0
01205842,HD현대건설기계,267270,0,0
01205514,큐라켐,456190,0,0
00141626,오리엔트바이오,002630,0,0
01258507,롯데웰푸드,280360,0,0
00133706,한국제지,027970,0,0
00145738,이화전기,024810,0,0
00185505,제일바이오,052670,0,0
01423837,모아데이타,288980,0,0
00571298,덕우전자,263600,0,0
00152729,광전자,017900,0,0
00765569,기가비스,420770,0,0
00446479,신비앤텍,070480,0,0
00163761,한창제지,009460,0,0
00562360,에코볼트,097780,0,0
00693651,비덴트,121800,0,0
01383229,저스템,417840,0,0
00442631,태양기계,116100,0,0
00920379,티엘비,356860,0,0
00105165,극동전선,006250,0,0
00375931,인선이엔티,060150,0,0
00109824,대림통상,006570,0,0
00113128,대한약품,023910,0,0
00149594,한국캐피탈,023760,0,0
00132637,동원시스템즈,014820,0,0
00170026,시공테크,020710,0,0
00155355,풀무원,017810,0,0
00249894,테라젠이텍스,066700,0,0
00607797,엄지하우스,224810,0,0
01187865,앙츠,267810,0,0
01555215,스마트레이더시스템,424960,0,0
01765256,동국씨엠,460850,0,0
00208444,피에스케이홀딩스,031980,0,0
00161860,한성기업,003680,0,0
01062177,제놀루션,225220,0,0
01237540,이녹스첨단소재,272290,0,0
01596656,메쎄이상,408920,0,0
00939942,포시에스,189690,0,0
00187415,코미팜,041960,0,0
00199252,HLB,028300,0,0
00378220,버킷스튜디오,066410,0,0
00158316,NICE,034310,0,0
00163673,한진중공업홀딩스,003480,0,0
01182578,대유에이피,290120,0,0
00155276,포스코퓨처엠,003670,0,0
00447609,비에이치,090460,0,0
00106119,금양,001570,0,0
00108940,대성홀딩스,016710,0,0
00445869,유니포인트,121060,0,0
00155319,POSCO홀딩스,005490,0,0
00888347,휴젤,145020,0,0
01315042,씨유박스,340810,0,0
00167208,흥아해운,003280,0,0
00651017,나우IB,293580,0,0
01029394,에코마케팅,230360,0,0
01583397,하나금융20호기업인수목적,400560,0,0
01299106,우듬지팜,403490,0,0
00144720,와이투솔루션,011690,0,0
01722437,한화갤러리아,452260,0,0
01671197,SK증권제8호스팩,435870,0,0
00617314,타이거일렉,219130,0,0
00416414,넥스턴바이오,089140,0,0
01384477,엠에프엠코리아,323230,0,0
00939687,동일고무벨트,163560,0,0
01210066,리파인,377450,0,0
01695498,이브이파킹서비스,419700,0,0
00120906,에스아이리소스,065420,0,0
00296290,키움증권,039490,0,0
00219848,서희건설,035890,0,0
01256864,에이비엘바이오,298380,0,0
00568188,마이크로컨텍솔,098120,0,0
00140964,영원무역홀딩스,009970,0,0
01574760,신한제8호스팩,393360,0,0
00311270,원텍,216280,0,0
00110547,넥상스코리아,003050,0,0
01364297,코퍼스코리아,322780,0,0
00255433,라온시큐어,042510,0,0
00254045,우리은행,000030,0,0
00136776,제이준코스메틱,025620,0,0
01579570,시큐레터,418250,0,0
01701753,유안타제13호스팩,449020,0,0
01182259,알피바이오,314140,0,0
01671601,카이바이오텍,446600,0,0
00543107,오킨스전자,080580,0,0
00371485,켐트로닉스,089010,0,0
00164830,HD한국조선해양,009540,0,0
00139153,에코플라스틱,038110,0,0
00543204,아이오케이,078860,0,0
01188378,시스웍,269620,0,0
00109806,삼일씨엔에스,004440,0,0
00164502,현대공업,170030,0,0
01010110,더블유게임즈,192080,0,0
01189438,HLB바이오스텝,278650,0,0
01190513,명진홀딩스,267060,0,0
01721809,현대그린푸드,453340,0,0
00106669,세아베스틸지주,001430,0,0
00104573,국일제지,078130,0,0
00112059,상상인증권,001290,0,0
00137915,에스엠코어,007820,0,0
00131832,SK디스커버리,006120,0,0
00140061,TKG애강,022220,0,0
00156910,SBI인베스트먼트,019550,0,0
00155124,평화홀딩스,010770,0,0
00172945,동일철강,023790,0,0
00160843,DB하이텍,000990,0,0
00260745,SCI평가정보,036120,0,0
00162586,한올바이오파마,009420,0,0
00339072,팬스타엔터프라이즈,054300,0,0
00156895,아주IB투자,027360,0,0
00372253,연우,115960,0,0
00367604,SM Life Design,063440,0,0
00209443,우리금융캐피탈,033660,0,0
00155531,풍산홀딩스,005810,0,0
00831428,옵투스제약,131030,0,0
00103626,한솔피엔에스,010420,0,0
00657002,에이디테크놀로지,200710,0,0
00380429,CMG제약,058820,0,0
00350048,오성첨단소재,052420,0,0
00164609,현대미포조선,010620,0,0
00370918,케이디켐,221980,0,0
00173078,명신산업,009900,0,0
00203315,콘텐트리중앙,036420,0,0
00391197,메디프론,065650,0,0
00498001,모베이스,101330,0,0
00209780,케이씨,029460,0,0
00365387,AJ네트웍스,095570,0,0
00526678,동방선기,099410,0,0
00527491,하이드로리튬,101670,0,0
00459871,농심홀딩스,072710,0,0
00601988,코난테크놀로지,402030,0,0
00573579,평화산업,090080,0,0
00602136,디와이피엔에프,104460,0,0
00661847,화인베스틸,133820,0,0
00634728,이크레더블,092130,0,0
00861997,인포마크,175140,0,0
00861076,케이탑리츠,145270,0,0
00910840,윈하이텍,192390,0,0
00152589,코리아나,027050,0,0
00562245,태웅로직스,124560,0,0
00109781,대림제지,017650,0,0
01181515,엘앤씨바이오,290650,0,0
00878517,에스케이씨에스,224020,0,0
01067808,넵튠,217270,0,0
01223219,에이에프더블류,312610,0,0
01258428,프레스티지바이오로직스,334970,0,0
01396676,일승,333430,0,0
00361266,코원플레이,056000,0,0
01351080,지아이이노베이션,358570,0,0
01621280,케이비제21호스팩,424140,0,0
01242241,샌즈랩,411080,0,0
00260408,팜스코,036580,0,0
00175623,ES큐브,050120,0,0
00422895,세이브존I&C,067830,0,0
01055317,비엔디생활건강,215050,0,0
01051472,젠큐릭스,229000,0,0
01412822,솔루스첨단소재,336370,0,0
00127802,삼익THK,004380,0,0
00192499,팜스토리,027710,0,0
00252135,주성엔지니어링,036930,0,0
00776820,영원무역,111770,0,0
00991225,더콘텐츠온,302920,0,0
00599285,서플러스글로벌,140070,0,0
00409681,아스트,067390,0,0
00550994,아이센스,099190,0,0
00666329,코나솔,176590,0,0
01566248,에코프로에이치엔,383310,0,0
01336461,뉴로메카,348340,0,0
01692321,미래에셋비전스팩2호,446190,0,0
00107613,이수페타시스,007660,0,0
00113225,대한제강,084010,0,0
00118451,동일제강,002690,0,0
00117708,리드코프,012700,0,0
00119195,동화약품,000020,0,0
00609634,아이엠,101390,0,0
00350312,HDC랩스,039570,0,0
00664048,우리넷,115440,0,0
01091382,세토피아,222810,0,0
00105138,파라텍,033540,0,0
01187175,라이프사이언스테크놀로지,285770,0,0
01622331,벨로크,424760,0,0
01344831,딥노이드,315640,0,0
00415594,동국S&C,100130,0,0
00104722,국제약품,002720,0,0
00922304,아셈스,136410,0,0
00226352,케이엠더블유,032500,0,0
00925587,위드텍,348350,0,0
01394669,누보,332290,0,0
00122825,인스코비,006490,0,0
00545114,랩지노믹스,084650,0,0
00872656,금양그린파워,282720,0,0
00121686,엠케이전자,033160,0,0
00134565,이스타코,015020,0,0
00125822,삼보산업,009620,0,0
00143226,엠투엔,033310,0,0
00144243,유니슨,018000,0,0
00138242,KG모빌리티,003620,0,0
00138792,아시아나항공,020560,0,0
00141477,영흥,012160,0,0
00155948,코웰패션,033290,0,0
00219361,해성산업,034810,0,0
00228712,동우팜투테이블,088910,0,0
00153339,태경산업,015890,0,0
00244561,그래디언트,035080,0,0
00260930,에스엠,041510,0,0
00140858,와이엠,007530,0,0
01186671,바이오시네틱스,281310,0,0
00371740,디스플레이텍,066670,0,0
00136624,신영와코루,005800,0,0
00238977,에스엠화진,134780,0,0
01259232,노바텍,285490,0,0
01528530,삼성스팩4호,377630,0,0
01670675,유안타제10호스팩,435380,0,0
00124540,대우건설,047040,0,0
01344363,다원넥스뷰,323350,0,0
00193328,수산인더스트리,126720,0,0
00260958,케이티알파,036030,0,0
00248974,하나제약,293480,0,0
00300557,위니아,071460,0,0
00349097,케이티스카이라이프,053210,0,0
00308896,셀피글로벌,068940,0,0
00585219,세원이앤씨,091090,0,0
00363510,소니드,060230,0,0
00671376,티웨이항공,091810,0,0
00364254,알티캐스트,085810,0,0
01109690,도부마스크,227420,0,0
00393469,녹원씨엔아이,065560,0,0
01365384,이성씨엔아이,379390,0,0
00403793,바이브컴퍼니,301300,0,0
00409140,이원컴포텍,088290,0,0
00413417,우리손에프앤지,073560,0,0
00483735,해성옵틱스,076610,0,0
00525679,차바이오텍,085660,0,0
00344287,HD현대인프라코어,042670,0,0
00296078,APS,054620,0,0
01118643,로보쓰리에이아이앤로보틱스,238500,0,0
00624518,다산솔루에타,154040,0,0
00624378,마이크로투나노,424980,0,0
00148610,한화투자증권,003530,0,0
